study_id,baseline_age,sex,education,apoe4,mci_onset_age,visit,amyloid_ratio
1,63.1,Female,16,Carrier,NA,baseline,0.1105487
1,63.1,Female,16,Carrier,NA,time_2,NA
1,63.1,Female,16,Carrier,NA,time_4,0.109325197
1,63.1,Female,16,Carrier,NA,time_6,0.10475613100000002
1,63.1,Female,16,Carrier,NA,time_8,0.107257697
2,65.6,Female,20,Carrier,NA,baseline,0.10748118300000001
2,65.6,Female,20,Carrier,NA,time_2,0.10915737299999999
2,65.6,Female,20,Carrier,NA,time_4,0.10945783899999997
2,65.6,Female,20,Carrier,NA,time_6,0.10572971300000002
2,65.6,Female,20,Carrier,NA,time_8,0.10661845
3,62.5,Male,16,Carrier,66.8,baseline,0.106087034
3,62.5,Male,16,Carrier,66.8,time_2,0.10874450900000002
3,62.5,Male,16,Carrier,66.8,time_4,0.10606503500000002
3,62.5,Male,16,Carrier,66.8,time_6,NA
3,62.5,Male,16,Carrier,66.8,time_8,0.106152357
4,69.8,Female,16,Non-carrier,NA,baseline,0.10925135799999999
4,69.8,Female,16,Non-carrier,NA,time_2,0.10869968600000002
4,69.8,Female,16,Non-carrier,NA,time_4,0.11054038599999999
4,69.8,Female,16,Non-carrier,NA,time_6,0.10747679700000001
4,69.8,Female,16,Non-carrier,NA,time_8,0.111212209
5,66,Male,16,Non-carrier,68.7,baseline,0.107950408
5,66,Male,16,Non-carrier,68.7,time_2,0.112273883
5,66,Male,16,Non-carrier,68.7,time_4,0.11513967700000001
5,66,Male,16,Non-carrier,68.7,time_6,0.10660605400000002
5,66,Male,16,Non-carrier,68.7,time_8,0.106052066
6,62.5,Male,16,Non-carrier,NA,baseline,0.11242697400000001
6,62.5,Male,16,Non-carrier,NA,time_2,0.11285341499999998
6,62.5,Male,16,Non-carrier,NA,time_4,0.11143945
6,62.5,Male,16,Non-carrier,NA,time_6,0.11027927700000001
6,62.5,Male,16,Non-carrier,NA,time_8,0.11498274700000001
7,66.5,Male,18,Non-carrier,74,baseline,0.112246391
7,66.5,Male,18,Non-carrier,74,time_2,NA
7,66.5,Male,18,Non-carrier,74,time_4,0.104251905
7,66.5,Male,18,Non-carrier,74,time_6,0.112485583
7,66.5,Male,18,Non-carrier,74,time_8,0.112055612
8,67.2,Female,18,Non-carrier,NA,baseline,0.109563372
8,67.2,Female,18,Non-carrier,NA,time_2,0.10947082799999999
8,67.2,Female,18,Non-carrier,NA,time_4,NA
8,67.2,Female,18,Non-carrier,NA,time_6,0.10874216800000001
8,67.2,Female,18,Non-carrier,NA,time_8,0.110268552
9,66.7,Female,16,Non-carrier,NA,baseline,0.112101884
9,66.7,Female,16,Non-carrier,NA,time_2,0.109781199
9,66.7,Female,16,Non-carrier,NA,time_4,0.108832888
9,66.7,Female,16,Non-carrier,NA,time_6,NA
9,66.7,Female,16,Non-carrier,NA,time_8,NA
10,64.1,Female,18,Non-carrier,NA,baseline,0.1116094
10,64.1,Female,18,Non-carrier,NA,time_2,0.11159214900000002
10,64.1,Female,18,Non-carrier,NA,time_4,NA
10,64.1,Female,18,Non-carrier,NA,time_6,NA
10,64.1,Female,18,Non-carrier,NA,time_8,0.11005129599999999
11,69.5,Female,16,Non-carrier,NA,baseline,0.10911933499999998
11,69.5,Female,16,Non-carrier,NA,time_2,0.10931649599999999
11,69.5,Female,16,Non-carrier,NA,time_4,0.11140370000000001
11,69.5,Female,16,Non-carrier,NA,time_6,0.10858657300000002
11,69.5,Female,16,Non-carrier,NA,time_8,0.10899333500000001
12,66.2,Female,18,Non-carrier,NA,baseline,0.112042298
12,66.2,Female,18,Non-carrier,NA,time_2,0.114167481
12,66.2,Female,18,Non-carrier,NA,time_4,0.10985968199999999
12,66.2,Female,18,Non-carrier,NA,time_6,0.106842794
12,66.2,Female,18,Non-carrier,NA,time_8,0.10733410600000001
13,63.1,Male,12,Carrier,69,baseline,0.110300505
13,63.1,Male,12,Carrier,69,time_2,0.10853441700000001
13,63.1,Male,12,Carrier,69,time_4,0.108100808
13,63.1,Male,12,Carrier,69,time_6,0.109229662
13,63.1,Male,12,Carrier,69,time_8,0.10486190100000001
15,68.4,Male,20,Non-carrier,NA,baseline,0.111544948
15,68.4,Male,20,Non-carrier,NA,time_2,NA
15,68.4,Male,20,Non-carrier,NA,time_4,0.11079871100000001
15,68.4,Male,20,Non-carrier,NA,time_6,0.11037819199999999
15,68.4,Male,20,Non-carrier,NA,time_8,0.10674272500000002
16,64.9,Female,16,Non-carrier,NA,baseline,0.11021888799999999
16,64.9,Female,16,Non-carrier,NA,time_2,0.113741328
16,64.9,Female,16,Non-carrier,NA,time_4,0.111101474
16,64.9,Female,16,Non-carrier,NA,time_6,0.108852437
16,64.9,Female,16,Non-carrier,NA,time_8,0.109556166
17,65,Female,18,Non-carrier,NA,baseline,0.10839924600000002
17,65,Female,18,Non-carrier,NA,time_2,0.113317542
17,65,Female,18,Non-carrier,NA,time_4,0.105909034
17,65,Female,18,Non-carrier,NA,time_6,0.10719691400000002
17,65,Female,18,Non-carrier,NA,time_8,0.110199133
18,67.8,Male,16,Non-carrier,69.8,baseline,0.114137255
18,67.8,Male,16,Non-carrier,69.8,time_2,0.10709326400000002
18,67.8,Male,16,Non-carrier,69.8,time_4,0.110872562
18,67.8,Male,16,Non-carrier,69.8,time_6,0.10898260500000001
18,67.8,Male,16,Non-carrier,69.8,time_8,0.106873903
19,67.5,Male,16,Carrier,NA,baseline,0.106989637
19,67.5,Male,16,Carrier,NA,time_2,0.10586194700000001
19,67.5,Male,16,Carrier,NA,time_4,0.10737107600000001
19,67.5,Male,16,Carrier,NA,time_6,0.109003799
19,67.5,Male,16,Carrier,NA,time_8,0.10266627900000003
20,66.8,Male,16,Non-carrier,NA,baseline,0.109546355
20,66.8,Male,16,Non-carrier,NA,time_2,0.114905811
20,66.8,Male,16,Non-carrier,NA,time_4,0.107900402
20,66.8,Male,16,Non-carrier,NA,time_6,0.10425420300000002
20,66.8,Male,16,Non-carrier,NA,time_8,NA
21,67.8,Male,16,Non-carrier,NA,baseline,0.11230733299999998
21,67.8,Male,16,Non-carrier,NA,time_2,NA
21,67.8,Male,16,Non-carrier,NA,time_4,0.10829795600000001
21,67.8,Male,16,Non-carrier,NA,time_6,0.11030081199999998
21,67.8,Male,16,Non-carrier,NA,time_8,0.10850622300000003
22,67.3,Female,20,Carrier,74.6,baseline,0.109320501
22,67.3,Female,20,Carrier,74.6,time_2,NA
22,67.3,Female,20,Carrier,74.6,time_4,0.10752496100000002
22,67.3,Female,20,Carrier,74.6,time_6,0.10609816100000001
22,67.3,Female,20,Carrier,74.6,time_8,0.105416197
23,65.2,Male,18,Non-carrier,NA,baseline,0.114131595
23,65.2,Male,18,Non-carrier,NA,time_2,0.10674173300000002
23,65.2,Male,18,Non-carrier,NA,time_4,NA
23,65.2,Male,18,Non-carrier,NA,time_6,0.10746987300000001
23,65.2,Male,18,Non-carrier,NA,time_8,0.110544536
24,59,Female,12,Non-carrier,NA,baseline,0.11640207100000001
24,59,Female,12,Non-carrier,NA,time_2,0.11169692300000002
24,59,Female,12,Non-carrier,NA,time_4,0.11023252400000001
24,59,Female,12,Non-carrier,NA,time_6,0.11116659200000001
24,59,Female,12,Non-carrier,NA,time_8,0.11425853899999999
25,66.9,Male,16,Non-carrier,NA,baseline,0.11206470500000001
25,66.9,Male,16,Non-carrier,NA,time_2,0.111500661
25,66.9,Male,16,Non-carrier,NA,time_4,NA
25,66.9,Male,16,Non-carrier,NA,time_6,0.10869021500000002
25,66.9,Male,16,Non-carrier,NA,time_8,NA
26,64.8,Female,20,Carrier,71.1,baseline,0.104749004
26,64.8,Female,20,Carrier,71.1,time_2,0.110171403
26,64.8,Female,20,Carrier,71.1,time_4,0.10612802900000001
26,64.8,Female,20,Carrier,71.1,time_6,0.10203697300000002
26,64.8,Female,20,Carrier,71.1,time_8,0.10499430500000001
27,64.5,Female,16,Non-carrier,NA,baseline,0.11098953799999998
27,64.5,Female,16,Non-carrier,NA,time_2,0.10695578100000001
27,64.5,Female,16,Non-carrier,NA,time_4,0.114806616
27,64.5,Female,16,Non-carrier,NA,time_6,0.10711584700000001
27,64.5,Female,16,Non-carrier,NA,time_8,0.105972994
28,60.6,Male,20,Non-carrier,NA,baseline,0.11500565800000001
28,60.6,Male,20,Non-carrier,NA,time_2,0.11565594900000001
28,60.6,Male,20,Non-carrier,NA,time_4,0.112172466
28,60.6,Male,20,Non-carrier,NA,time_6,0.11244919099999999
28,60.6,Male,20,Non-carrier,NA,time_8,0.10884352300000001
29,63.6,Male,16,Non-carrier,NA,baseline,0.11512987400000001
29,63.6,Male,16,Non-carrier,NA,time_2,0.112980122
29,63.6,Male,16,Non-carrier,NA,time_4,0.1118295
29,63.6,Male,16,Non-carrier,NA,time_6,0.112608543
29,63.6,Male,16,Non-carrier,NA,time_8,0.11249789299999999
30,66.3,Female,12,Non-carrier,73.1,baseline,0.10931186799999998
30,66.3,Female,12,Non-carrier,73.1,time_2,0.111327152
30,66.3,Female,12,Non-carrier,73.1,time_4,0.107454368
30,66.3,Female,12,Non-carrier,73.1,time_6,0.11391430599999999
30,66.3,Female,12,Non-carrier,73.1,time_8,0.10889564200000003
31,69.1,Female,12,Non-carrier,NA,baseline,0.10991847699999999
31,69.1,Female,12,Non-carrier,NA,time_2,0.10827198300000002
31,69.1,Female,12,Non-carrier,NA,time_4,0.10820677100000003
31,69.1,Female,12,Non-carrier,NA,time_6,0.10568163100000001
31,69.1,Female,12,Non-carrier,NA,time_8,0.10752514100000003
32,64.7,Male,16,Non-carrier,NA,baseline,0.113900561
32,64.7,Male,16,Non-carrier,NA,time_2,0.11076248100000001
32,64.7,Male,16,Non-carrier,NA,time_4,0.109443041
32,64.7,Male,16,Non-carrier,NA,time_6,0.10702568800000002
32,64.7,Male,16,Non-carrier,NA,time_8,0.11116698000000001
33,66.2,Male,18,Non-carrier,NA,baseline,0.11282421000000001
33,66.2,Male,18,Non-carrier,NA,time_2,0.110933268
33,66.2,Male,18,Non-carrier,NA,time_4,NA
33,66.2,Male,18,Non-carrier,NA,time_6,0.110644516
33,66.2,Male,18,Non-carrier,NA,time_8,0.10644741099999999
34,64.8,Female,16,Carrier,NA,baseline,0.10499368400000002
34,64.8,Female,16,Carrier,NA,time_2,0.10442311800000001
34,64.8,Female,16,Carrier,NA,time_4,NA
34,64.8,Female,16,Carrier,NA,time_6,0.10789618100000002
34,64.8,Female,16,Carrier,NA,time_8,0.107087733
35,60.9,Female,12,Non-carrier,NA,baseline,0.111469634
35,60.9,Female,12,Non-carrier,NA,time_2,0.11528595000000001
35,60.9,Female,12,Non-carrier,NA,time_4,0.108868436
35,60.9,Female,12,Non-carrier,NA,time_6,0.109639633
35,60.9,Female,12,Non-carrier,NA,time_8,0.108461387
36,63.8,Male,16,Non-carrier,NA,baseline,0.11324344900000001
36,63.8,Male,16,Non-carrier,NA,time_2,0.10834617400000002
36,63.8,Male,16,Non-carrier,NA,time_4,0.114211489
36,63.8,Male,16,Non-carrier,NA,time_6,0.113578691
36,63.8,Male,16,Non-carrier,NA,time_8,0.112382504
37,63.8,Male,16,Non-carrier,NA,baseline,0.112698425
37,63.8,Male,16,Non-carrier,NA,time_2,0.114833189
37,63.8,Male,16,Non-carrier,NA,time_4,0.112628096
37,63.8,Male,16,Non-carrier,NA,time_6,0.113016322
37,63.8,Male,16,Non-carrier,NA,time_8,0.110599009
38,64.8,Female,18,Non-carrier,NA,baseline,0.112078587
38,64.8,Female,18,Non-carrier,NA,time_2,0.10617497800000002
38,64.8,Female,18,Non-carrier,NA,time_4,0.10891789299999999
38,64.8,Female,18,Non-carrier,NA,time_6,0.111679794
38,64.8,Female,18,Non-carrier,NA,time_8,0.109003574
39,68.3,Female,16,Carrier,70.2,baseline,0.10442625500000002
39,68.3,Female,16,Carrier,70.2,time_2,NA
39,68.3,Female,16,Carrier,70.2,time_4,0.103901084
39,68.3,Female,16,Carrier,70.2,time_6,0.108309492
39,68.3,Female,16,Carrier,70.2,time_8,0.10220325000000002
40,67.3,Male,16,Non-carrier,NA,baseline,0.11027316100000001
40,67.3,Male,16,Non-carrier,NA,time_2,0.10648494400000001
40,67.3,Male,16,Non-carrier,NA,time_4,0.10625245000000001
40,67.3,Male,16,Non-carrier,NA,time_6,0.112426569
40,67.3,Male,16,Non-carrier,NA,time_8,0.10721443200000001
41,64.5,Male,16,Non-carrier,NA,baseline,0.11635889499999998
41,64.5,Male,16,Non-carrier,NA,time_2,0.11123813
41,64.5,Male,16,Non-carrier,NA,time_4,0.10624280500000001
41,64.5,Male,16,Non-carrier,NA,time_6,0.115597605
41,64.5,Male,16,Non-carrier,NA,time_8,NA
42,64.2,Male,16,Non-carrier,NA,baseline,0.111611943
42,64.2,Male,16,Non-carrier,NA,time_2,0.11228874800000001
42,64.2,Male,16,Non-carrier,NA,time_4,0.11113570000000002
42,64.2,Male,16,Non-carrier,NA,time_6,0.107423818
42,64.2,Male,16,Non-carrier,NA,time_8,0.10679846800000001
43,67.1,Female,16,Carrier,71.6,baseline,0.110428403
43,67.1,Female,16,Carrier,71.6,time_2,0.10524456600000001
43,67.1,Female,16,Carrier,71.6,time_4,NA
43,67.1,Female,16,Carrier,71.6,time_6,0.10864768500000001
43,67.1,Female,16,Carrier,71.6,time_8,0.102142812
44,66.7,Male,20,Non-carrier,NA,baseline,0.11033457
44,66.7,Male,20,Non-carrier,NA,time_2,0.106889675
44,66.7,Male,20,Non-carrier,NA,time_4,0.114852972
44,66.7,Male,20,Non-carrier,NA,time_6,0.10825950200000001
44,66.7,Male,20,Non-carrier,NA,time_8,0.108429063
45,62.9,Male,20,Carrier,65.2,baseline,0.106887426
45,62.9,Male,20,Carrier,65.2,time_2,0.11081857899999999
45,62.9,Male,20,Carrier,65.2,time_4,0.11151674900000001
45,62.9,Male,20,Carrier,65.2,time_6,0.10717928900000001
45,62.9,Male,20,Carrier,65.2,time_8,0.10457923000000001
46,62.9,Male,16,Non-carrier,NA,baseline,0.10947143799999999
46,62.9,Male,16,Non-carrier,NA,time_2,0.115916407
46,62.9,Male,16,Non-carrier,NA,time_4,0.113395876
46,62.9,Male,16,Non-carrier,NA,time_6,0.111078341
46,62.9,Male,16,Non-carrier,NA,time_8,0.113198416
47,66.1,Female,12,Carrier,NA,baseline,0.110545321
47,66.1,Female,12,Carrier,NA,time_2,0.106081847
47,66.1,Female,12,Carrier,NA,time_4,NA
47,66.1,Female,12,Carrier,NA,time_6,0.107847761
47,66.1,Female,12,Carrier,NA,time_8,0.10662516000000002
48,67.3,Male,16,Non-carrier,NA,baseline,0.110589751
48,67.3,Male,16,Non-carrier,NA,time_2,0.118265809
48,67.3,Male,16,Non-carrier,NA,time_4,0.104885905
48,67.3,Male,16,Non-carrier,NA,time_6,0.10969376400000001
48,67.3,Male,16,Non-carrier,NA,time_8,0.111567623
50,67.6,Female,18,Carrier,NA,baseline,0.10716903900000001
50,67.6,Female,18,Carrier,NA,time_2,0.10473295000000002
50,67.6,Female,18,Carrier,NA,time_4,0.10855751799999999
50,67.6,Female,18,Carrier,NA,time_6,0.104577694
50,67.6,Female,18,Carrier,NA,time_8,0.104070382
51,66.2,Male,16,Non-carrier,NA,baseline,0.112642382
51,66.2,Male,16,Non-carrier,NA,time_2,0.111428735
51,66.2,Male,16,Non-carrier,NA,time_4,NA
51,66.2,Male,16,Non-carrier,NA,time_6,0.109139703
51,66.2,Male,16,Non-carrier,NA,time_8,0.11076394700000002
52,63.2,Female,16,Carrier,NA,baseline,0.111360375
52,63.2,Female,16,Carrier,NA,time_2,NA
52,63.2,Female,16,Carrier,NA,time_4,0.10596874200000002
52,63.2,Female,16,Carrier,NA,time_6,0.10162524300000003
52,63.2,Female,16,Carrier,NA,time_8,0.10821134900000001
53,66,Male,20,Non-carrier,NA,baseline,0.11215227500000001
53,66,Male,20,Non-carrier,NA,time_2,0.11324751
53,66,Male,20,Non-carrier,NA,time_4,0.109562093
53,66,Male,20,Non-carrier,NA,time_6,0.110612356
53,66,Male,20,Non-carrier,NA,time_8,0.111641956
54,61.6,Female,16,Non-carrier,NA,baseline,0.11197460000000001
54,61.6,Female,16,Non-carrier,NA,time_2,0.113741518
54,61.6,Female,16,Non-carrier,NA,time_4,0.11262173200000002
54,61.6,Female,16,Non-carrier,NA,time_6,0.10703371500000002
54,61.6,Female,16,Non-carrier,NA,time_8,0.110514169
55,69.3,Female,16,Carrier,73.6,baseline,0.101507799
55,69.3,Female,16,Carrier,73.6,time_2,0.10545522900000001
55,69.3,Female,16,Carrier,73.6,time_4,0.104251537
55,69.3,Female,16,Carrier,73.6,time_6,0.106088762
55,69.3,Female,16,Carrier,73.6,time_8,0.10360907800000001
56,70.9,Male,20,Non-carrier,NA,baseline,0.109192332
56,70.9,Male,20,Non-carrier,NA,time_2,0.10949853899999999
56,70.9,Male,20,Non-carrier,NA,time_4,0.10958921699999999
56,70.9,Male,20,Non-carrier,NA,time_6,0.10635628500000001
56,70.9,Male,20,Non-carrier,NA,time_8,0.10642690500000002
57,63.9,Female,16,Non-carrier,NA,baseline,0.108984035
57,63.9,Female,16,Non-carrier,NA,time_2,0.10770057300000002
57,63.9,Female,16,Non-carrier,NA,time_4,0.109241877
57,63.9,Female,16,Non-carrier,NA,time_6,NA
57,63.9,Female,16,Non-carrier,NA,time_8,0.10570924300000002
58,61.9,Male,12,Non-carrier,NA,baseline,0.11459593300000001
58,61.9,Male,12,Non-carrier,NA,time_2,0.111352261
58,61.9,Male,12,Non-carrier,NA,time_4,0.112874539
58,61.9,Male,12,Non-carrier,NA,time_6,0.11182177400000001
58,61.9,Male,12,Non-carrier,NA,time_8,0.11001036499999998
59,66.7,Female,20,Carrier,74.4,baseline,0.103415696
59,66.7,Female,20,Carrier,74.4,time_2,0.10351346
59,66.7,Female,20,Carrier,74.4,time_4,0.100971886
59,66.7,Female,20,Carrier,74.4,time_6,0.10851584800000001
59,66.7,Female,20,Carrier,74.4,time_8,0.10411977900000001
60,64.6,Male,18,Non-carrier,NA,baseline,0.117059602
60,64.6,Male,18,Non-carrier,NA,time_2,0.10872672300000004
60,64.6,Male,18,Non-carrier,NA,time_4,0.11461668600000001
60,64.6,Male,18,Non-carrier,NA,time_6,0.113010154
60,64.6,Male,18,Non-carrier,NA,time_8,0.10828920900000001
61,72.2,Male,16,Non-carrier,NA,baseline,0.11165759399999999
61,72.2,Male,16,Non-carrier,NA,time_2,0.11069547600000001
61,72.2,Male,16,Non-carrier,NA,time_4,0.10844257800000001
61,72.2,Male,16,Non-carrier,NA,time_6,0.111418671
61,72.2,Male,16,Non-carrier,NA,time_8,0.106864815
62,64.9,Female,18,Non-carrier,NA,baseline,0.116002304
62,64.9,Female,18,Non-carrier,NA,time_2,0.10810905400000001
62,64.9,Female,18,Non-carrier,NA,time_4,0.11299026200000001
62,64.9,Female,18,Non-carrier,NA,time_6,0.10826426400000003
62,64.9,Female,18,Non-carrier,NA,time_8,0.10952362400000001
63,67.1,Female,20,Non-carrier,NA,baseline,0.110500693
63,67.1,Female,20,Non-carrier,NA,time_2,0.10970472000000002
63,67.1,Female,20,Non-carrier,NA,time_4,0.109146796
63,67.1,Female,20,Non-carrier,NA,time_6,0.110698585
63,67.1,Female,20,Non-carrier,NA,time_8,0.10810295500000001
64,65.1,Male,16,Carrier,NA,baseline,0.112127194
64,65.1,Male,16,Carrier,NA,time_2,0.10871450000000002
64,65.1,Male,16,Carrier,NA,time_4,0.10819567700000003
64,65.1,Male,16,Carrier,NA,time_6,0.10705959799999999
64,65.1,Male,16,Carrier,NA,time_8,0.105631869
65,62.8,Female,16,Non-carrier,66.5,baseline,0.11256305000000001
65,62.8,Female,16,Non-carrier,66.5,time_2,0.11366025000000002
65,62.8,Female,16,Non-carrier,66.5,time_4,0.112475164
65,62.8,Female,16,Non-carrier,66.5,time_6,0.111539121
65,62.8,Female,16,Non-carrier,66.5,time_8,0.111844573
66,65.6,Female,20,Non-carrier,NA,baseline,0.111954901
66,65.6,Female,20,Non-carrier,NA,time_2,0.11083801399999998
66,65.6,Female,20,Non-carrier,NA,time_4,0.11329681500000001
66,65.6,Female,20,Non-carrier,NA,time_6,0.10903554000000001
66,65.6,Female,20,Non-carrier,NA,time_8,0.106355888
67,59.6,Male,18,Non-carrier,64.2,baseline,0.11229141000000001
67,59.6,Male,18,Non-carrier,64.2,time_2,NA
67,59.6,Male,18,Non-carrier,64.2,time_4,0.109758184
67,59.6,Male,18,Non-carrier,64.2,time_6,NA
67,59.6,Male,18,Non-carrier,64.2,time_8,0.109166863
68,69.4,Male,20,Non-carrier,NA,baseline,0.113514969
68,69.4,Male,20,Non-carrier,NA,time_2,0.11572734000000001
68,69.4,Male,20,Non-carrier,NA,time_4,0.10879763000000002
68,69.4,Male,20,Non-carrier,NA,time_6,0.109832607
68,69.4,Male,20,Non-carrier,NA,time_8,0.10713068200000002
69,65.5,Female,20,Carrier,72.5,baseline,0.114392996
69,65.5,Female,20,Carrier,72.5,time_2,0.10497025100000001
69,65.5,Female,20,Carrier,72.5,time_4,0.109161136
69,65.5,Female,20,Carrier,72.5,time_6,0.107839858
69,65.5,Female,20,Carrier,72.5,time_8,0.10700532600000001
70,71.5,Male,16,Non-carrier,NA,baseline,0.11258955
70,71.5,Male,16,Non-carrier,NA,time_2,0.110998288
70,71.5,Male,16,Non-carrier,NA,time_4,0.110323734
70,71.5,Male,16,Non-carrier,NA,time_6,0.106420417
70,71.5,Male,16,Non-carrier,NA,time_8,0.10866785100000001
71,66.4,Male,16,Non-carrier,NA,baseline,0.111170052
71,66.4,Male,16,Non-carrier,NA,time_2,0.11784367800000001
71,66.4,Male,16,Non-carrier,NA,time_4,0.112303289
71,66.4,Male,16,Non-carrier,NA,time_6,0.111873152
71,66.4,Male,16,Non-carrier,NA,time_8,0.10460195400000001
73,66.8,Female,18,Non-carrier,NA,baseline,NA
73,66.8,Female,18,Non-carrier,NA,time_2,0.109440795
73,66.8,Female,18,Non-carrier,NA,time_4,0.112072561
73,66.8,Female,18,Non-carrier,NA,time_6,0.10429010200000002
73,66.8,Female,18,Non-carrier,NA,time_8,0.107973912
74,62.2,Male,20,Carrier,NA,baseline,0.11199154000000001
74,62.2,Male,20,Carrier,NA,time_2,0.11179305400000002
74,62.2,Male,20,Carrier,NA,time_4,0.108314413
74,62.2,Male,20,Carrier,NA,time_6,0.10717714200000002
74,62.2,Male,20,Carrier,NA,time_8,0.107072996
75,61.2,Female,16,Carrier,65.4,baseline,0.108368094
75,61.2,Female,16,Carrier,65.4,time_2,0.10773377000000003
75,61.2,Female,16,Carrier,65.4,time_4,0.105117512
75,61.2,Female,16,Carrier,65.4,time_6,0.106359342
75,61.2,Female,16,Carrier,65.4,time_8,0.10599984200000001
76,65.9,Male,12,Non-carrier,68,baseline,0.11093130699999999
76,65.9,Male,12,Non-carrier,68,time_2,0.10904806799999998
76,65.9,Male,12,Non-carrier,68,time_4,0.10667027900000002
76,65.9,Male,12,Non-carrier,68,time_6,0.10805051
76,65.9,Male,12,Non-carrier,68,time_8,0.111364424
77,63.7,Female,18,Carrier,66.4,baseline,0.10728461700000001
77,63.7,Female,18,Carrier,66.4,time_2,0.10647626100000002
77,63.7,Female,18,Carrier,66.4,time_4,0.11288651499999999
77,63.7,Female,18,Carrier,66.4,time_6,0.101454474
77,63.7,Female,18,Carrier,66.4,time_8,0.10454377000000002
78,65,Male,16,Non-carrier,68,baseline,0.113982537
78,65,Male,16,Non-carrier,68,time_2,0.110739736
78,65,Male,16,Non-carrier,68,time_4,0.11345758499999999
78,65,Male,16,Non-carrier,68,time_6,0.11125935699999999
78,65,Male,16,Non-carrier,68,time_8,0.10829095500000002
79,65.2,Male,16,Non-carrier,NA,baseline,0.109816232
79,65.2,Male,16,Non-carrier,NA,time_2,0.11246277500000001
79,65.2,Male,16,Non-carrier,NA,time_4,0.11035910299999999
79,65.2,Male,16,Non-carrier,NA,time_6,0.10846594700000002
79,65.2,Male,16,Non-carrier,NA,time_8,0.110077079
80,63.2,Male,20,Non-carrier,NA,baseline,0.11440474400000002
80,63.2,Male,20,Non-carrier,NA,time_2,0.11223242500000001
80,63.2,Male,20,Non-carrier,NA,time_4,0.113650805
80,63.2,Male,20,Non-carrier,NA,time_6,0.10562917500000002
80,63.2,Male,20,Non-carrier,NA,time_8,0.11204771699999999
81,63.3,Male,16,Non-carrier,NA,baseline,0.11176912900000001
81,63.3,Male,16,Non-carrier,NA,time_2,0.11302240300000001
81,63.3,Male,16,Non-carrier,NA,time_4,0.11429784000000001
81,63.3,Male,16,Non-carrier,NA,time_6,0.111346443
81,63.3,Male,16,Non-carrier,NA,time_8,0.110568342
82,64.6,Male,12,Non-carrier,NA,baseline,0.106842105
82,64.6,Male,12,Non-carrier,NA,time_2,0.10924694400000001
82,64.6,Male,12,Non-carrier,NA,time_4,0.11294921899999999
82,64.6,Male,12,Non-carrier,NA,time_6,0.10751567200000002
82,64.6,Male,12,Non-carrier,NA,time_8,0.10969542100000002
83,68.5,Female,12,Non-carrier,NA,baseline,0.11086751399999999
83,68.5,Female,12,Non-carrier,NA,time_2,0.10876341500000002
83,68.5,Female,12,Non-carrier,NA,time_4,0.10704297900000001
83,68.5,Female,12,Non-carrier,NA,time_6,0.105112564
83,68.5,Female,12,Non-carrier,NA,time_8,0.10815228900000001
84,60.4,Male,20,Non-carrier,NA,baseline,0.10977228900000001
84,60.4,Male,20,Non-carrier,NA,time_2,0.11128012300000001
84,60.4,Male,20,Non-carrier,NA,time_4,0.112429218
84,60.4,Male,20,Non-carrier,NA,time_6,0.109864808
84,60.4,Male,20,Non-carrier,NA,time_8,0.11097415100000001
85,66.8,Female,16,Non-carrier,NA,baseline,0.112680791
85,66.8,Female,16,Non-carrier,NA,time_2,0.11013614200000002
85,66.8,Female,16,Non-carrier,NA,time_4,0.109738529
85,66.8,Female,16,Non-carrier,NA,time_6,0.11231787299999998
85,66.8,Female,16,Non-carrier,NA,time_8,NA
86,66,Female,18,Carrier,71.7,baseline,0.10836058300000001
86,66,Female,18,Carrier,71.7,time_2,0.10293287500000001
86,66,Female,18,Carrier,71.7,time_4,0.10652397600000002
86,66,Female,18,Carrier,71.7,time_6,0.10413156800000001
86,66,Female,18,Carrier,71.7,time_8,0.10193904300000001
87,68.2,Male,18,Non-carrier,76,baseline,0.11365898599999999
87,68.2,Male,18,Non-carrier,76,time_2,0.11068899799999998
87,68.2,Male,18,Non-carrier,76,time_4,0.11217517400000002
87,68.2,Male,18,Non-carrier,76,time_6,0.10744568400000001
87,68.2,Male,18,Non-carrier,76,time_8,0.103597297
88,64.1,Male,16,Non-carrier,NA,baseline,0.11314996199999999
88,64.1,Male,16,Non-carrier,NA,time_2,0.11424205200000001
88,64.1,Male,16,Non-carrier,NA,time_4,0.117254569
88,64.1,Male,16,Non-carrier,NA,time_6,NA
88,64.1,Male,16,Non-carrier,NA,time_8,0.11246746899999999
89,66.1,Female,16,Carrier,66.2,baseline,0.10639305700000001
89,66.1,Female,16,Carrier,66.2,time_2,0.10721245000000001
89,66.1,Female,16,Carrier,66.2,time_4,NA
89,66.1,Female,16,Carrier,66.2,time_6,0.104814949
89,66.1,Female,16,Carrier,66.2,time_8,0.100291816
90,65.8,Male,16,Non-carrier,NA,baseline,0.11135021099999999
90,65.8,Male,16,Non-carrier,NA,time_2,0.108327816
90,65.8,Male,16,Non-carrier,NA,time_4,0.110971204
90,65.8,Male,16,Non-carrier,NA,time_6,0.111208231
90,65.8,Male,16,Non-carrier,NA,time_8,0.109673371
91,63.4,Male,16,Carrier,NA,baseline,0.10828659800000001
91,63.4,Male,16,Carrier,NA,time_2,0.108503416
91,63.4,Male,16,Carrier,NA,time_4,0.104867456
91,63.4,Male,16,Carrier,NA,time_6,0.10724369700000001
91,63.4,Male,16,Carrier,NA,time_8,0.103342003
93,68.5,Male,16,Carrier,NA,baseline,0.10730294800000001
93,68.5,Male,16,Carrier,NA,time_2,0.10815066000000001
93,68.5,Male,16,Carrier,NA,time_4,0.10289427700000002
93,68.5,Male,16,Carrier,NA,time_6,0.10799995800000001
93,68.5,Male,16,Carrier,NA,time_8,0.10394613000000001
94,67.1,Male,16,Non-carrier,NA,baseline,0.11389369
94,67.1,Male,16,Non-carrier,NA,time_2,NA
94,67.1,Male,16,Non-carrier,NA,time_4,0.113000849
94,67.1,Male,16,Non-carrier,NA,time_6,0.10867866000000001
94,67.1,Male,16,Non-carrier,NA,time_8,0.112277473
95,69.8,Female,16,Non-carrier,NA,baseline,0.10972403900000001
95,69.8,Female,16,Non-carrier,NA,time_2,0.10772630600000002
95,69.8,Female,16,Non-carrier,NA,time_4,0.10954338699999999
95,69.8,Female,16,Non-carrier,NA,time_6,NA
95,69.8,Female,16,Non-carrier,NA,time_8,0.10582967300000001
96,66.7,Female,16,Non-carrier,NA,baseline,0.10882737
96,66.7,Female,16,Non-carrier,NA,time_2,0.115567697
96,66.7,Female,16,Non-carrier,NA,time_4,0.10741097200000001
96,66.7,Female,16,Non-carrier,NA,time_6,0.11003938099999999
96,66.7,Female,16,Non-carrier,NA,time_8,0.107708336
97,61.2,Male,16,Non-carrier,NA,baseline,0.11147475800000001
97,61.2,Male,16,Non-carrier,NA,time_2,0.109985821
97,61.2,Male,16,Non-carrier,NA,time_4,0.109112853
97,61.2,Male,16,Non-carrier,NA,time_6,0.10863942700000001
97,61.2,Male,16,Non-carrier,NA,time_8,0.10779492400000003
98,63.3,Female,16,Carrier,NA,baseline,0.110120828
98,63.3,Female,16,Carrier,NA,time_2,0.10746014600000002
98,63.3,Female,16,Carrier,NA,time_4,0.111702393
98,63.3,Female,16,Carrier,NA,time_6,0.10804200100000001
98,63.3,Female,16,Carrier,NA,time_8,NA
99,61.3,Female,20,Non-carrier,NA,baseline,0.113739376
99,61.3,Female,20,Non-carrier,NA,time_2,0.113836662
99,61.3,Female,20,Non-carrier,NA,time_4,0.11230296099999999
99,61.3,Female,20,Non-carrier,NA,time_6,0.10970711
99,61.3,Female,20,Non-carrier,NA,time_8,0.11198061899999999
100,63.6,Female,16,Non-carrier,NA,baseline,0.11180923599999999
100,63.6,Female,16,Non-carrier,NA,time_2,0.11348049399999999
100,63.6,Female,16,Non-carrier,NA,time_4,0.108741417
100,63.6,Female,16,Non-carrier,NA,time_6,0.112060616
100,63.6,Female,16,Non-carrier,NA,time_8,0.10849627200000003
101,63.1,Female,16,Non-carrier,NA,baseline,0.110027715
101,63.1,Female,16,Non-carrier,NA,time_2,0.10712647900000002
101,63.1,Female,16,Non-carrier,NA,time_4,0.11430259699999999
101,63.1,Female,16,Non-carrier,NA,time_6,NA
101,63.1,Female,16,Non-carrier,NA,time_8,0.10921716899999999
102,65.1,Male,16,Non-carrier,NA,baseline,0.11402111300000001
102,65.1,Male,16,Non-carrier,NA,time_2,0.11189104600000001
102,65.1,Male,16,Non-carrier,NA,time_4,NA
102,65.1,Male,16,Non-carrier,NA,time_6,0.10584692600000001
102,65.1,Male,16,Non-carrier,NA,time_8,0.109321568
103,62.3,Male,16,Non-carrier,NA,baseline,0.112685364
103,62.3,Male,16,Non-carrier,NA,time_2,0.11035368899999999
103,62.3,Male,16,Non-carrier,NA,time_4,0.11297875
103,62.3,Male,16,Non-carrier,NA,time_6,0.11066927500000001
103,62.3,Male,16,Non-carrier,NA,time_8,0.112546477
104,65.5,Male,12,Non-carrier,NA,baseline,0.115247354
104,65.5,Male,12,Non-carrier,NA,time_2,0.110250294
104,65.5,Male,12,Non-carrier,NA,time_4,0.109044095
104,65.5,Male,12,Non-carrier,NA,time_6,0.11062238
104,65.5,Male,12,Non-carrier,NA,time_8,0.112816101
105,63,Male,20,Non-carrier,NA,baseline,0.10929605400000002
105,63,Male,20,Non-carrier,NA,time_2,0.110609633
105,63,Male,20,Non-carrier,NA,time_4,0.110215796
105,63,Male,20,Non-carrier,NA,time_6,0.11197232
105,63,Male,20,Non-carrier,NA,time_8,0.11586455000000001
106,70.3,Female,16,Carrier,74.8,baseline,0.10538043799999999
106,70.3,Female,16,Carrier,74.8,time_2,0.104828457
106,70.3,Female,16,Carrier,74.8,time_4,NA
106,70.3,Female,16,Carrier,74.8,time_6,0.10185246399999999
106,70.3,Female,16,Carrier,74.8,time_8,0.104347845
107,67.2,Male,16,Carrier,NA,baseline,0.10683107700000001
107,67.2,Male,16,Carrier,NA,time_2,0.10674318900000002
107,67.2,Male,16,Carrier,NA,time_4,0.106388181
107,67.2,Male,16,Carrier,NA,time_6,0.106368477
107,67.2,Male,16,Carrier,NA,time_8,0.10934932599999998
108,67.7,Male,16,Non-carrier,NA,baseline,0.114386093
108,67.7,Male,16,Non-carrier,NA,time_2,0.115448793
108,67.7,Male,16,Non-carrier,NA,time_4,0.10622578600000003
108,67.7,Male,16,Non-carrier,NA,time_6,0.10857063700000001
108,67.7,Male,16,Non-carrier,NA,time_8,0.11122079300000001
109,66.2,Female,16,Carrier,68.4,baseline,0.10702672100000003
109,66.2,Female,16,Carrier,68.4,time_2,0.10771802100000001
109,66.2,Female,16,Carrier,68.4,time_4,0.104457501
109,66.2,Female,16,Carrier,68.4,time_6,0.10072330400000001
109,66.2,Female,16,Carrier,68.4,time_8,0.10084809199999999
110,70,Male,16,Non-carrier,NA,baseline,0.11508838999999998
110,70,Male,16,Non-carrier,NA,time_2,0.109565612
110,70,Male,16,Non-carrier,NA,time_4,0.113467325
110,70,Male,16,Non-carrier,NA,time_6,0.110730718
110,70,Male,16,Non-carrier,NA,time_8,0.109706311
111,63.1,Male,16,Non-carrier,NA,baseline,0.116854074
111,63.1,Male,16,Non-carrier,NA,time_2,0.10892418700000002
111,63.1,Male,16,Non-carrier,NA,time_4,NA
111,63.1,Male,16,Non-carrier,NA,time_6,0.11040878
111,63.1,Male,16,Non-carrier,NA,time_8,0.10842001200000001
112,63.6,Female,18,Non-carrier,NA,baseline,0.111255089
112,63.6,Female,18,Non-carrier,NA,time_2,0.10662288700000001
112,63.6,Female,18,Non-carrier,NA,time_4,0.10740558700000001
112,63.6,Female,18,Non-carrier,NA,time_6,0.111182267
112,63.6,Female,18,Non-carrier,NA,time_8,0.109703985
113,69.3,Male,16,Carrier,NA,baseline,0.11060160200000001
113,69.3,Male,16,Carrier,NA,time_2,0.10639565200000002
113,69.3,Male,16,Carrier,NA,time_4,0.105653459
113,69.3,Male,16,Carrier,NA,time_6,0.10494452900000001
113,69.3,Male,16,Carrier,NA,time_8,0.103201994
114,63,Female,18,Carrier,NA,baseline,0.10926079100000001
114,63,Female,18,Carrier,NA,time_2,0.10554925200000001
114,63,Female,18,Carrier,NA,time_4,0.10849099200000001
114,63,Female,18,Carrier,NA,time_6,0.106399534
114,63,Female,18,Carrier,NA,time_8,0.10779701400000001
115,64.4,Female,20,Non-carrier,NA,baseline,0.114378624
115,64.4,Female,20,Non-carrier,NA,time_2,0.109972567
115,64.4,Female,20,Non-carrier,NA,time_4,0.109285194
115,64.4,Female,20,Non-carrier,NA,time_6,0.10946718
115,64.4,Female,20,Non-carrier,NA,time_8,0.107488455
116,63.8,Male,20,Non-carrier,NA,baseline,0.116560093
116,63.8,Male,20,Non-carrier,NA,time_2,0.112065311
116,63.8,Male,20,Non-carrier,NA,time_4,0.11349194100000001
116,63.8,Male,20,Non-carrier,NA,time_6,0.11171185
116,63.8,Male,20,Non-carrier,NA,time_8,0.11337138699999999
117,64,Male,18,Carrier,NA,baseline,0.10902473100000001
117,64,Male,18,Carrier,NA,time_2,0.10315104700000001
117,64,Male,18,Carrier,NA,time_4,0.10950157
117,64,Male,18,Carrier,NA,time_6,0.105328335
117,64,Male,18,Carrier,NA,time_8,0.10795377300000002
118,64.2,Female,16,Carrier,NA,baseline,0.10623753000000001
118,64.2,Female,16,Carrier,NA,time_2,0.107475814
118,64.2,Female,16,Carrier,NA,time_4,0.105855583
118,64.2,Female,16,Carrier,NA,time_6,0.105872981
118,64.2,Female,16,Carrier,NA,time_8,0.10438224200000001
119,66.5,Male,16,Non-carrier,NA,baseline,0.109791068
119,66.5,Male,16,Non-carrier,NA,time_2,0.11174097000000001
119,66.5,Male,16,Non-carrier,NA,time_4,0.10797770300000001
119,66.5,Male,16,Non-carrier,NA,time_6,0.10935007399999999
119,66.5,Male,16,Non-carrier,NA,time_8,0.10866267500000003
120,64.5,Female,20,Carrier,72.2,baseline,0.106856079
120,64.5,Female,20,Carrier,72.2,time_2,0.11139831899999998
120,64.5,Female,20,Carrier,72.2,time_4,0.10301424400000002
120,64.5,Female,20,Carrier,72.2,time_6,0.10636525500000002
120,64.5,Female,20,Carrier,72.2,time_8,0.10304574300000002
121,63.5,Male,18,Non-carrier,NA,baseline,0.109994928
121,63.5,Male,18,Non-carrier,NA,time_2,0.11220652400000002
121,63.5,Male,18,Non-carrier,NA,time_4,0.11663100000000001
121,63.5,Male,18,Non-carrier,NA,time_6,0.114170985
121,63.5,Male,18,Non-carrier,NA,time_8,0.11071067000000001
122,69,Female,16,Non-carrier,NA,baseline,0.10860273800000002
122,69,Female,16,Non-carrier,NA,time_2,0.113932534
122,69,Female,16,Non-carrier,NA,time_4,0.108209099
122,69,Female,16,Non-carrier,NA,time_6,0.10615781199999999
122,69,Female,16,Non-carrier,NA,time_8,0.10454377400000002
123,64.4,Male,18,Carrier,67.4,baseline,0.108080327
123,64.4,Male,18,Carrier,67.4,time_2,0.112383506
123,64.4,Male,18,Carrier,67.4,time_4,0.11008691
123,64.4,Male,18,Carrier,67.4,time_6,0.10763069200000001
123,64.4,Male,18,Carrier,67.4,time_8,0.101780509
124,64.5,Female,16,Non-carrier,NA,baseline,0.110921697
124,64.5,Female,16,Non-carrier,NA,time_2,0.113305901
124,64.5,Female,16,Non-carrier,NA,time_4,0.109506095
124,64.5,Female,16,Non-carrier,NA,time_6,NA
124,64.5,Female,16,Non-carrier,NA,time_8,0.10899444200000002
125,64.7,Female,18,Carrier,NA,baseline,0.10664113800000001
125,64.7,Female,18,Carrier,NA,time_2,0.106757629
125,64.7,Female,18,Carrier,NA,time_4,0.11211845499999999
125,64.7,Female,18,Carrier,NA,time_6,0.107412383
125,64.7,Female,18,Carrier,NA,time_8,NA
126,67.1,Female,20,Non-carrier,NA,baseline,0.11076874900000001
126,67.1,Female,20,Non-carrier,NA,time_2,0.10899961000000001
126,67.1,Female,20,Non-carrier,NA,time_4,0.110787402
126,67.1,Female,20,Non-carrier,NA,time_6,0.10550369000000001
126,67.1,Female,20,Non-carrier,NA,time_8,0.111256569
127,64.8,Male,16,Non-carrier,NA,baseline,0.112047183
127,64.8,Male,16,Non-carrier,NA,time_2,0.105310088
127,64.8,Male,16,Non-carrier,NA,time_4,0.10928655400000001
127,64.8,Male,16,Non-carrier,NA,time_6,0.109626315
127,64.8,Male,16,Non-carrier,NA,time_8,0.11433579
128,64.9,Male,12,Non-carrier,NA,baseline,0.112333877
128,64.9,Male,12,Non-carrier,NA,time_2,0.10856821700000001
128,64.9,Male,12,Non-carrier,NA,time_4,0.110533413
128,64.9,Male,12,Non-carrier,NA,time_6,0.108530887
128,64.9,Male,12,Non-carrier,NA,time_8,0.106439307
129,63,Male,16,Non-carrier,NA,baseline,0.111652233
129,63,Male,16,Non-carrier,NA,time_2,0.10837874500000001
129,63,Male,16,Non-carrier,NA,time_4,0.11797039899999999
129,63,Male,16,Non-carrier,NA,time_6,NA
129,63,Male,16,Non-carrier,NA,time_8,0.11186096
130,64,Male,18,Carrier,NA,baseline,0.106989065
130,64,Male,18,Carrier,NA,time_2,NA
130,64,Male,18,Carrier,NA,time_4,0.10931108899999999
130,64,Male,18,Carrier,NA,time_6,0.10552867800000001
130,64,Male,18,Carrier,NA,time_8,0.10665512800000002
131,65.2,Female,12,Non-carrier,NA,baseline,0.110405798
131,65.2,Female,12,Non-carrier,NA,time_2,0.11350981499999999
131,65.2,Female,12,Non-carrier,NA,time_4,0.109604924
131,65.2,Female,12,Non-carrier,NA,time_6,0.11170482200000001
131,65.2,Female,12,Non-carrier,NA,time_8,0.110250155
132,63.2,Male,16,Carrier,66,baseline,0.10908984
132,63.2,Male,16,Carrier,66,time_2,0.108979186
132,63.2,Male,16,Carrier,66,time_4,0.10619819100000001
132,63.2,Male,16,Carrier,66,time_6,0.10569898800000001
132,63.2,Male,16,Carrier,66,time_8,0.102579378
133,66.6,Male,18,Non-carrier,NA,baseline,0.110993066
133,66.6,Male,18,Non-carrier,NA,time_2,0.110460449
133,66.6,Male,18,Non-carrier,NA,time_4,0.11012253100000001
133,66.6,Male,18,Non-carrier,NA,time_6,0.115577617
133,66.6,Male,18,Non-carrier,NA,time_8,0.109602344
134,60.4,Male,16,Carrier,NA,baseline,0.107447162
134,60.4,Male,16,Carrier,NA,time_2,0.112071846
134,60.4,Male,16,Carrier,NA,time_4,0.10872207600000003
134,60.4,Male,16,Carrier,NA,time_6,0.111803485
134,60.4,Male,16,Carrier,NA,time_8,0.10816205800000002
135,65.9,Male,16,Non-carrier,NA,baseline,0.115837765
135,65.9,Male,16,Non-carrier,NA,time_2,0.111465011
135,65.9,Male,16,Non-carrier,NA,time_4,0.109640025
135,65.9,Male,16,Non-carrier,NA,time_6,0.11462078200000002
135,65.9,Male,16,Non-carrier,NA,time_8,NA
136,60.4,Male,16,Non-carrier,NA,baseline,0.115013925
136,60.4,Male,16,Non-carrier,NA,time_2,0.11116650200000001
136,60.4,Male,16,Non-carrier,NA,time_4,0.115401195
136,60.4,Male,16,Non-carrier,NA,time_6,0.11299849199999999
136,60.4,Male,16,Non-carrier,NA,time_8,0.11038489799999998
137,64.1,Male,16,Non-carrier,NA,baseline,0.11193317000000001
137,64.1,Male,16,Non-carrier,NA,time_2,0.114117575
137,64.1,Male,16,Non-carrier,NA,time_4,0.10908802799999999
137,64.1,Male,16,Non-carrier,NA,time_6,0.10906127200000001
137,64.1,Male,16,Non-carrier,NA,time_8,0.11100913899999999
138,63.4,Female,16,Carrier,NA,baseline,0.11022907600000001
138,63.4,Female,16,Carrier,NA,time_2,0.104298316
138,63.4,Female,16,Carrier,NA,time_4,0.10770547000000003
138,63.4,Female,16,Carrier,NA,time_6,0.10420088400000001
138,63.4,Female,16,Carrier,NA,time_8,0.10466017800000002
139,63,Female,18,Non-carrier,NA,baseline,0.11500827300000001
139,63,Female,18,Non-carrier,NA,time_2,0.113611653
139,63,Female,18,Non-carrier,NA,time_4,0.11026479700000001
139,63,Female,18,Non-carrier,NA,time_6,0.10799573600000002
139,63,Female,18,Non-carrier,NA,time_8,0.110052978
140,64.8,Male,16,Non-carrier,NA,baseline,0.11616617500000002
140,64.8,Male,16,Non-carrier,NA,time_2,NA
140,64.8,Male,16,Non-carrier,NA,time_4,0.112098521
140,64.8,Male,16,Non-carrier,NA,time_6,0.11070502500000001
140,64.8,Male,16,Non-carrier,NA,time_8,0.112229408
141,59.3,Male,16,Carrier,NA,baseline,0.11309114000000002
141,59.3,Male,16,Carrier,NA,time_2,0.112172823
141,59.3,Male,16,Carrier,NA,time_4,0.10816121400000002
141,59.3,Male,16,Carrier,NA,time_6,0.103344036
141,59.3,Male,16,Carrier,NA,time_8,0.10718050100000001
142,68.5,Male,18,Non-carrier,NA,baseline,0.11423289
142,68.5,Male,18,Non-carrier,NA,time_2,0.110216812
142,68.5,Male,18,Non-carrier,NA,time_4,0.10858076900000001
142,68.5,Male,18,Non-carrier,NA,time_6,0.10495667000000002
142,68.5,Male,18,Non-carrier,NA,time_8,0.10735787
143,60,Female,20,Non-carrier,NA,baseline,0.11122910000000001
143,60,Female,20,Non-carrier,NA,time_2,0.11100993399999999
143,60,Female,20,Non-carrier,NA,time_4,0.11188744999999999
143,60,Female,20,Non-carrier,NA,time_6,0.11050594700000001
143,60,Female,20,Non-carrier,NA,time_8,0.113182982
144,63.6,Male,16,Non-carrier,NA,baseline,0.10947315
144,63.6,Male,16,Non-carrier,NA,time_2,0.10897144200000002
144,63.6,Male,16,Non-carrier,NA,time_4,0.109181603
144,63.6,Male,16,Non-carrier,NA,time_6,0.110871641
144,63.6,Male,16,Non-carrier,NA,time_8,0.11517226700000001
145,61.7,Female,18,Non-carrier,NA,baseline,0.11559018200000001
145,61.7,Female,18,Non-carrier,NA,time_2,0.11095088899999998
145,61.7,Female,18,Non-carrier,NA,time_4,0.10940760299999999
145,61.7,Female,18,Non-carrier,NA,time_6,0.113288423
145,61.7,Female,18,Non-carrier,NA,time_8,0.11047790399999999
146,62.7,Female,16,Non-carrier,66.7,baseline,0.11119498100000001
146,62.7,Female,16,Non-carrier,66.7,time_2,0.111374948
146,62.7,Female,16,Non-carrier,66.7,time_4,0.113454429
146,62.7,Female,16,Non-carrier,66.7,time_6,0.109239435
146,62.7,Female,16,Non-carrier,66.7,time_8,0.10860355200000002
147,71.3,Male,16,Non-carrier,NA,baseline,0.112108085
147,71.3,Male,16,Non-carrier,NA,time_2,0.10852845900000001
147,71.3,Male,16,Non-carrier,NA,time_4,0.10472361400000002
147,71.3,Male,16,Non-carrier,NA,time_6,NA
147,71.3,Male,16,Non-carrier,NA,time_8,0.110421066
148,65.1,Male,16,Non-carrier,NA,baseline,0.112054084
148,65.1,Male,16,Non-carrier,NA,time_2,0.11326560400000002
148,65.1,Male,16,Non-carrier,NA,time_4,0.109892049
148,65.1,Male,16,Non-carrier,NA,time_6,NA
148,65.1,Male,16,Non-carrier,NA,time_8,0.11074136
149,61.1,Female,16,Carrier,68.9,baseline,0.10850062200000002
149,61.1,Female,16,Carrier,68.9,time_2,0.11053174700000001
149,61.1,Female,16,Carrier,68.9,time_4,0.110113935
149,61.1,Female,16,Carrier,68.9,time_6,0.106510401
149,61.1,Female,16,Carrier,68.9,time_8,0.106897608
150,60.1,Male,12,Non-carrier,NA,baseline,0.11626480500000001
150,60.1,Male,12,Non-carrier,NA,time_2,0.116821506
150,60.1,Male,12,Non-carrier,NA,time_4,0.11189024400000001
150,60.1,Male,12,Non-carrier,NA,time_6,0.11102924100000001
150,60.1,Male,12,Non-carrier,NA,time_8,0.110733996
151,66.4,Female,16,Non-carrier,NA,baseline,0.113608163
151,66.4,Female,16,Non-carrier,NA,time_2,0.108580916
151,66.4,Female,16,Non-carrier,NA,time_4,NA
151,66.4,Female,16,Non-carrier,NA,time_6,0.10836123200000002
151,66.4,Female,16,Non-carrier,NA,time_8,0.10549123700000002
152,64.9,Male,16,Non-carrier,NA,baseline,0.11155995299999999
152,64.9,Male,16,Non-carrier,NA,time_2,0.11094917
152,64.9,Male,16,Non-carrier,NA,time_4,0.11130261799999999
152,64.9,Male,16,Non-carrier,NA,time_6,0.11201903799999999
152,64.9,Male,16,Non-carrier,NA,time_8,0.113345844
153,64,Female,16,Non-carrier,NA,baseline,0.11352027500000002
153,64,Female,16,Non-carrier,NA,time_2,NA
153,64,Female,16,Non-carrier,NA,time_4,0.11373245400000001
153,64,Female,16,Non-carrier,NA,time_6,0.111485554
153,64,Female,16,Non-carrier,NA,time_8,0.109185341
154,62.2,Female,16,Non-carrier,NA,baseline,0.115357541
154,62.2,Female,16,Non-carrier,NA,time_2,0.112842522
154,62.2,Female,16,Non-carrier,NA,time_4,0.110617021
154,62.2,Female,16,Non-carrier,NA,time_6,0.10901752499999999
154,62.2,Female,16,Non-carrier,NA,time_8,0.11159620600000002
155,60.5,Female,12,Non-carrier,NA,baseline,0.107989299
155,60.5,Female,12,Non-carrier,NA,time_2,0.11184986899999998
155,60.5,Female,12,Non-carrier,NA,time_4,0.10903980599999999
155,60.5,Female,12,Non-carrier,NA,time_6,0.106468902
155,60.5,Female,12,Non-carrier,NA,time_8,0.110687157
156,61.8,Male,18,Non-carrier,NA,baseline,0.11327259
156,61.8,Male,18,Non-carrier,NA,time_2,0.108405018
156,61.8,Male,18,Non-carrier,NA,time_4,0.111582218
156,61.8,Male,18,Non-carrier,NA,time_6,0.112479152
156,61.8,Male,18,Non-carrier,NA,time_8,0.11230439299999999
157,68,Male,16,Carrier,NA,baseline,0.108814316
157,68,Male,16,Carrier,NA,time_2,0.109086169
157,68,Male,16,Carrier,NA,time_4,0.10729750200000002
157,68,Male,16,Carrier,NA,time_6,0.10702945400000001
157,68,Male,16,Carrier,NA,time_8,0.105370984
158,63.1,Male,18,Non-carrier,NA,baseline,0.11079962700000001
158,63.1,Male,18,Non-carrier,NA,time_2,0.11301348
158,63.1,Male,18,Non-carrier,NA,time_4,0.113852777
158,63.1,Male,18,Non-carrier,NA,time_6,0.11627452600000002
158,63.1,Male,18,Non-carrier,NA,time_8,0.10946736899999998
159,60.8,Male,16,Non-carrier,NA,baseline,0.113930694
159,60.8,Male,16,Non-carrier,NA,time_2,0.108507079
159,60.8,Male,16,Non-carrier,NA,time_4,0.110776315
159,60.8,Male,16,Non-carrier,NA,time_6,0.11479313000000002
159,60.8,Male,16,Non-carrier,NA,time_8,0.110638546
160,70.6,Male,16,Non-carrier,NA,baseline,0.11186949799999998
160,70.6,Male,16,Non-carrier,NA,time_2,0.11141971499999999
160,70.6,Male,16,Non-carrier,NA,time_4,0.10722857700000002
160,70.6,Male,16,Non-carrier,NA,time_6,NA
160,70.6,Male,16,Non-carrier,NA,time_8,0.10848435000000001
161,66.3,Male,16,Carrier,NA,baseline,0.108052962
161,66.3,Male,16,Carrier,NA,time_2,0.10852388200000002
161,66.3,Male,16,Carrier,NA,time_4,0.10603566900000001
161,66.3,Male,16,Carrier,NA,time_6,0.10435412100000001
161,66.3,Male,16,Carrier,NA,time_8,0.10727601600000002
162,64.3,Male,16,Carrier,NA,baseline,0.112475302
162,64.3,Male,16,Carrier,NA,time_2,0.109124332
162,64.3,Male,16,Carrier,NA,time_4,0.10792853000000001
162,64.3,Male,16,Carrier,NA,time_6,NA
162,64.3,Male,16,Carrier,NA,time_8,0.109852207
163,68.2,Female,12,Non-carrier,NA,baseline,0.11274799899999999
163,68.2,Female,12,Non-carrier,NA,time_2,0.112757952
163,68.2,Female,12,Non-carrier,NA,time_4,0.110345673
163,68.2,Female,12,Non-carrier,NA,time_6,NA
163,68.2,Female,12,Non-carrier,NA,time_8,NA
164,67.7,Male,16,Non-carrier,NA,baseline,0.11215951599999999
164,67.7,Male,16,Non-carrier,NA,time_2,0.10827268600000002
164,67.7,Male,16,Non-carrier,NA,time_4,0.11508729399999999
164,67.7,Male,16,Non-carrier,NA,time_6,0.10709817000000002
164,67.7,Male,16,Non-carrier,NA,time_8,0.11101900399999999
165,63.1,Female,20,Non-carrier,NA,baseline,0.10926070300000001
165,63.1,Female,20,Non-carrier,NA,time_2,0.10935269099999999
165,63.1,Female,20,Non-carrier,NA,time_4,0.109101327
165,63.1,Female,20,Non-carrier,NA,time_6,0.10739376600000002
165,63.1,Female,20,Non-carrier,NA,time_8,0.109186068
166,71.6,Male,12,Carrier,74.2,baseline,0.10521129800000001
166,71.6,Male,12,Carrier,74.2,time_2,0.106707617
166,71.6,Male,12,Carrier,74.2,time_4,0.10962918
166,71.6,Male,12,Carrier,74.2,time_6,NA
166,71.6,Male,12,Carrier,74.2,time_8,0.09937727799999999
167,64.2,Female,16,Non-carrier,NA,baseline,0.112697767
167,64.2,Female,16,Non-carrier,NA,time_2,0.11112424800000002
167,64.2,Female,16,Non-carrier,NA,time_4,NA
167,64.2,Female,16,Non-carrier,NA,time_6,0.11074809699999999
167,64.2,Female,16,Non-carrier,NA,time_8,0.108417124
168,60.7,Male,16,Non-carrier,NA,baseline,0.111097239
168,60.7,Male,16,Non-carrier,NA,time_2,0.11336254800000001
168,60.7,Male,16,Non-carrier,NA,time_4,0.11529046100000001
168,60.7,Male,16,Non-carrier,NA,time_6,0.10992239899999999
168,60.7,Male,16,Non-carrier,NA,time_8,0.109546537
169,64.6,Female,16,Non-carrier,NA,baseline,0.11370936699999999
169,64.6,Female,16,Non-carrier,NA,time_2,0.112876095
169,64.6,Female,16,Non-carrier,NA,time_4,0.10952626500000001
169,64.6,Female,16,Non-carrier,NA,time_6,0.10844087200000001
169,64.6,Female,16,Non-carrier,NA,time_8,0.10825814700000001
170,65.6,Male,16,Non-carrier,70.7,baseline,0.11478716
170,65.6,Male,16,Non-carrier,70.7,time_2,0.11173474800000002
170,65.6,Male,16,Non-carrier,70.7,time_4,0.111511576
170,65.6,Male,16,Non-carrier,70.7,time_6,0.11362270900000002
170,65.6,Male,16,Non-carrier,70.7,time_8,0.11056932
171,71.9,Female,20,Non-carrier,NA,baseline,0.11176474500000003
171,71.9,Female,20,Non-carrier,NA,time_2,NA
171,71.9,Female,20,Non-carrier,NA,time_4,0.10710393600000001
171,71.9,Female,20,Non-carrier,NA,time_6,0.10691259
171,71.9,Female,20,Non-carrier,NA,time_8,0.106847156
172,65.3,Female,20,Non-carrier,NA,baseline,0.112279065
172,65.3,Female,20,Non-carrier,NA,time_2,0.10948896699999998
172,65.3,Female,20,Non-carrier,NA,time_4,NA
172,65.3,Female,20,Non-carrier,NA,time_6,0.10773587400000002
172,65.3,Female,20,Non-carrier,NA,time_8,0.109390607
173,66.4,Male,12,Carrier,NA,baseline,0.10665628000000002
173,66.4,Male,12,Carrier,NA,time_2,0.10754487700000001
173,66.4,Male,12,Carrier,NA,time_4,0.110430503
173,66.4,Male,12,Carrier,NA,time_6,0.10602456500000002
173,66.4,Male,12,Carrier,NA,time_8,NA
174,64.8,Male,16,Non-carrier,NA,baseline,0.113870695
174,64.8,Male,16,Non-carrier,NA,time_2,0.10536739299999999
174,64.8,Male,16,Non-carrier,NA,time_4,0.111429822
174,64.8,Male,16,Non-carrier,NA,time_6,0.110995589
174,64.8,Male,16,Non-carrier,NA,time_8,0.115150942
175,64,Female,18,Non-carrier,NA,baseline,0.11044721299999999
175,64,Female,18,Non-carrier,NA,time_2,0.10925786799999998
175,64,Female,18,Non-carrier,NA,time_4,0.11552234100000001
175,64,Female,18,Non-carrier,NA,time_6,0.11050935099999999
175,64,Female,18,Non-carrier,NA,time_8,0.10903162300000001
176,64.9,Male,18,Non-carrier,NA,baseline,0.113669694
176,64.9,Male,18,Non-carrier,NA,time_2,0.110842203
176,64.9,Male,18,Non-carrier,NA,time_4,0.108509164
176,64.9,Male,18,Non-carrier,NA,time_6,0.11222147300000002
176,64.9,Male,18,Non-carrier,NA,time_8,0.11003906699999999
177,67.4,Female,16,Carrier,74.4,baseline,0.10708007600000001
177,67.4,Female,16,Carrier,74.4,time_2,0.103880457
177,67.4,Female,16,Carrier,74.4,time_4,0.104338764
177,67.4,Female,16,Carrier,74.4,time_6,0.106399715
177,67.4,Female,16,Carrier,74.4,time_8,0.10246514300000002
178,71.2,Female,20,Non-carrier,NA,baseline,0.110403961
178,71.2,Female,20,Non-carrier,NA,time_2,0.111385633
178,71.2,Female,20,Non-carrier,NA,time_4,0.110068277
178,71.2,Female,20,Non-carrier,NA,time_6,0.10454110100000001
178,71.2,Female,20,Non-carrier,NA,time_8,0.106985618
180,68.6,Male,16,Non-carrier,NA,baseline,0.113806433
180,68.6,Male,16,Non-carrier,NA,time_2,NA
180,68.6,Male,16,Non-carrier,NA,time_4,0.11404204500000001
180,68.6,Male,16,Non-carrier,NA,time_6,0.10716188400000001
180,68.6,Male,16,Non-carrier,NA,time_8,0.10718329200000001
181,61.3,Male,12,Carrier,NA,baseline,0.109548645
181,61.3,Male,12,Carrier,NA,time_2,0.111917541
181,61.3,Male,12,Carrier,NA,time_4,0.10927833399999999
181,61.3,Male,12,Carrier,NA,time_6,0.11166621000000002
181,61.3,Male,12,Carrier,NA,time_8,0.108968217
182,68,Male,18,Carrier,NA,baseline,0.10848417400000002
182,68,Male,18,Carrier,NA,time_2,0.11153614600000002
182,68,Male,18,Carrier,NA,time_4,0.10799913700000001
182,68,Male,18,Carrier,NA,time_6,0.10772619400000003
182,68,Male,18,Carrier,NA,time_8,0.105669413
183,65.7,Male,16,Carrier,NA,baseline,0.10856557600000002
183,65.7,Male,16,Carrier,NA,time_2,0.10672277400000003
183,65.7,Male,16,Carrier,NA,time_4,0.10490117100000002
183,65.7,Male,16,Carrier,NA,time_6,0.10650567800000002
183,65.7,Male,16,Carrier,NA,time_8,0.106399583
184,60.6,Male,20,Non-carrier,NA,baseline,0.11821533499999999
184,60.6,Male,20,Non-carrier,NA,time_2,NA
184,60.6,Male,20,Non-carrier,NA,time_4,0.11181313699999999
184,60.6,Male,20,Non-carrier,NA,time_6,0.114049341
184,60.6,Male,20,Non-carrier,NA,time_8,0.108880233
185,66.6,Female,12,Non-carrier,NA,baseline,0.111091191
185,66.6,Female,12,Non-carrier,NA,time_2,0.11120668400000001
185,66.6,Female,12,Non-carrier,NA,time_4,0.10584836099999999
185,66.6,Female,12,Non-carrier,NA,time_6,0.111476008
185,66.6,Female,12,Non-carrier,NA,time_8,0.106719007
186,64.5,Male,20,Carrier,69.5,baseline,0.105429887
186,64.5,Male,20,Carrier,69.5,time_2,NA
186,64.5,Male,20,Carrier,69.5,time_4,0.10383885
186,64.5,Male,20,Carrier,69.5,time_6,0.10616712900000001
186,64.5,Male,20,Carrier,69.5,time_8,0.10753015900000001
187,69.4,Male,16,Non-carrier,NA,baseline,0.109763067
187,69.4,Male,16,Non-carrier,NA,time_2,0.10766439500000001
187,69.4,Male,16,Non-carrier,NA,time_4,0.108949405
187,69.4,Male,16,Non-carrier,NA,time_6,0.10903607300000001
187,69.4,Male,16,Non-carrier,NA,time_8,NA
188,62.7,Female,12,Non-carrier,NA,baseline,0.11313780999999999
188,62.7,Female,12,Non-carrier,NA,time_2,0.110913977
188,62.7,Female,12,Non-carrier,NA,time_4,0.11062284400000001
188,62.7,Female,12,Non-carrier,NA,time_6,0.112630919
188,62.7,Female,12,Non-carrier,NA,time_8,0.11298672000000001
189,63.7,Male,16,Non-carrier,NA,baseline,0.11106304900000001
189,63.7,Male,16,Non-carrier,NA,time_2,0.11334990199999999
189,63.7,Male,16,Non-carrier,NA,time_4,0.111611804
189,63.7,Male,16,Non-carrier,NA,time_6,0.11387191299999999
189,63.7,Male,16,Non-carrier,NA,time_8,0.11230966199999999
190,62.2,Male,12,Non-carrier,NA,baseline,0.11589442000000001
190,62.2,Male,12,Non-carrier,NA,time_2,0.112072935
190,62.2,Male,12,Non-carrier,NA,time_4,NA
190,62.2,Male,12,Non-carrier,NA,time_6,0.112994382
190,62.2,Male,12,Non-carrier,NA,time_8,0.10796068500000001
191,64.5,Female,16,Non-carrier,NA,baseline,0.109465952
191,64.5,Female,16,Non-carrier,NA,time_2,0.11394631599999999
191,64.5,Female,16,Non-carrier,NA,time_4,0.109183966
191,64.5,Female,16,Non-carrier,NA,time_6,0.11245680599999999
191,64.5,Female,16,Non-carrier,NA,time_8,0.110325377
192,66.2,Female,16,Carrier,NA,baseline,0.105397136
192,66.2,Female,16,Carrier,NA,time_2,0.10588732399999999
192,66.2,Female,16,Carrier,NA,time_4,0.10366945500000001
192,66.2,Female,16,Carrier,NA,time_6,0.10616133300000001
192,66.2,Female,16,Carrier,NA,time_8,NA
193,62.8,Male,20,Carrier,NA,baseline,0.11257089799999999
193,62.8,Male,20,Carrier,NA,time_2,0.109856279
193,62.8,Male,20,Carrier,NA,time_4,0.11034928999999999
193,62.8,Male,20,Carrier,NA,time_6,0.107437412
193,62.8,Male,20,Carrier,NA,time_8,0.11039357100000001
194,67.5,Female,16,Carrier,NA,baseline,0.107667466
194,67.5,Female,16,Carrier,NA,time_2,0.10454562000000002
194,67.5,Female,16,Carrier,NA,time_4,0.10581467900000001
194,67.5,Female,16,Carrier,NA,time_6,0.10726153600000002
194,67.5,Female,16,Carrier,NA,time_8,0.10173111300000001
195,61.4,Male,18,Carrier,NA,baseline,0.11018114000000001
195,61.4,Male,18,Carrier,NA,time_2,0.10794614100000002
195,61.4,Male,18,Carrier,NA,time_4,0.105704397
195,61.4,Male,18,Carrier,NA,time_6,0.11301033599999999
195,61.4,Male,18,Carrier,NA,time_8,0.10808329700000001
196,61.9,Female,16,Non-carrier,NA,baseline,0.11356067200000002
196,61.9,Female,16,Non-carrier,NA,time_2,0.112007202
196,61.9,Female,16,Non-carrier,NA,time_4,0.10760104100000002
196,61.9,Female,16,Non-carrier,NA,time_6,0.110555327
196,61.9,Female,16,Non-carrier,NA,time_8,0.112731537
197,69.3,Female,16,Non-carrier,NA,baseline,0.112997226
197,69.3,Female,16,Non-carrier,NA,time_2,NA
197,69.3,Female,16,Non-carrier,NA,time_4,0.111963376
197,69.3,Female,16,Non-carrier,NA,time_6,0.111256439
197,69.3,Female,16,Non-carrier,NA,time_8,0.10908711899999998
198,62,Female,18,Non-carrier,NA,baseline,0.11617158200000001
198,62,Female,18,Non-carrier,NA,time_2,0.113983608
198,62,Female,18,Non-carrier,NA,time_4,0.11220172900000001
198,62,Female,18,Non-carrier,NA,time_6,0.106150358
198,62,Female,18,Non-carrier,NA,time_8,0.11122125300000002
199,66.2,Male,18,Non-carrier,NA,baseline,0.11224476700000001
199,66.2,Male,18,Non-carrier,NA,time_2,0.109552653
199,66.2,Male,18,Non-carrier,NA,time_4,0.110404571
199,66.2,Male,18,Non-carrier,NA,time_6,0.10790282000000001
199,66.2,Male,18,Non-carrier,NA,time_8,0.112110757
200,63.9,Male,16,Non-carrier,NA,baseline,0.112462358
200,63.9,Male,16,Non-carrier,NA,time_2,0.10922129800000001
200,63.9,Male,16,Non-carrier,NA,time_4,0.11181955899999999
200,63.9,Male,16,Non-carrier,NA,time_6,0.10801035
200,63.9,Male,16,Non-carrier,NA,time_8,0.10727606200000002
201,66.2,Male,18,Non-carrier,NA,baseline,0.10809879800000001
201,66.2,Male,18,Non-carrier,NA,time_2,0.10990259399999999
201,66.2,Male,18,Non-carrier,NA,time_4,NA
201,66.2,Male,18,Non-carrier,NA,time_6,0.11235950799999998
201,66.2,Male,18,Non-carrier,NA,time_8,0.10811630300000001
202,70.1,Female,18,Carrier,75.2,baseline,0.10892420400000002
202,70.1,Female,18,Carrier,75.2,time_2,0.103006361
202,70.1,Female,18,Carrier,75.2,time_4,0.10322800300000001
202,70.1,Female,18,Carrier,75.2,time_6,0.10202984600000001
202,70.1,Female,18,Carrier,75.2,time_8,0.100056292
203,69.8,Female,18,Non-carrier,NA,baseline,0.10848160700000001
203,69.8,Female,18,Non-carrier,NA,time_2,0.10885836099999999
203,69.8,Female,18,Non-carrier,NA,time_4,NA
203,69.8,Female,18,Non-carrier,NA,time_6,0.107815484
203,69.8,Female,18,Non-carrier,NA,time_8,NA
204,64,Female,16,Non-carrier,NA,baseline,0.113843587
204,64,Female,16,Non-carrier,NA,time_2,0.10729491400000002
204,64,Female,16,Non-carrier,NA,time_4,0.11101032899999999
204,64,Female,16,Non-carrier,NA,time_6,0.107208468
204,64,Female,16,Non-carrier,NA,time_8,0.10866278800000002
205,58.1,Female,16,Carrier,NA,baseline,0.110405326
205,58.1,Female,16,Carrier,NA,time_2,0.10821495300000002
205,58.1,Female,16,Carrier,NA,time_4,0.10724774600000002
205,58.1,Female,16,Carrier,NA,time_6,0.10862404900000003
205,58.1,Female,16,Carrier,NA,time_8,0.107852263
206,72.5,Female,16,Non-carrier,NA,baseline,0.10518579100000001
206,72.5,Female,16,Non-carrier,NA,time_2,0.10622330700000002
206,72.5,Female,16,Non-carrier,NA,time_4,0.110413053
206,72.5,Female,16,Non-carrier,NA,time_6,0.10568422200000002
206,72.5,Female,16,Non-carrier,NA,time_8,0.10748605700000001
207,67,Female,16,Non-carrier,NA,baseline,0.11026167600000002
207,67,Female,16,Non-carrier,NA,time_2,0.10852632500000002
207,67,Female,16,Non-carrier,NA,time_4,0.10955308799999999
207,67,Female,16,Non-carrier,NA,time_6,0.10908399899999999
207,67,Female,16,Non-carrier,NA,time_8,0.109822586
208,66.6,Female,18,Non-carrier,NA,baseline,0.110355973
208,66.6,Female,18,Non-carrier,NA,time_2,0.108300166
208,66.6,Female,18,Non-carrier,NA,time_4,0.10670006700000001
208,66.6,Female,18,Non-carrier,NA,time_6,0.103447275
208,66.6,Female,18,Non-carrier,NA,time_8,0.109363855
209,65,Male,16,Non-carrier,NA,baseline,0.112530533
209,65,Male,16,Non-carrier,NA,time_2,0.114170609
209,65,Male,16,Non-carrier,NA,time_4,0.110016151
209,65,Male,16,Non-carrier,NA,time_6,0.111912187
209,65,Male,16,Non-carrier,NA,time_8,0.110882342
210,66.5,Female,16,Non-carrier,NA,baseline,0.10821448700000001
210,66.5,Female,16,Non-carrier,NA,time_2,0.11018886799999998
210,66.5,Female,16,Non-carrier,NA,time_4,0.113068347
210,66.5,Female,16,Non-carrier,NA,time_6,0.10673944700000002
210,66.5,Female,16,Non-carrier,NA,time_8,0.108359644
211,64.5,Male,16,Non-carrier,NA,baseline,0.11413746699999999
211,64.5,Male,16,Non-carrier,NA,time_2,0.11145190099999999
211,64.5,Male,16,Non-carrier,NA,time_4,0.11297526000000001
211,64.5,Male,16,Non-carrier,NA,time_6,0.111840845
211,64.5,Male,16,Non-carrier,NA,time_8,0.10815356300000001
212,66.3,Female,16,Carrier,NA,baseline,0.107937409
212,66.3,Female,16,Carrier,NA,time_2,0.10639588000000001
212,66.3,Female,16,Carrier,NA,time_4,0.10736014000000002
212,66.3,Female,16,Carrier,NA,time_6,0.103412602
212,66.3,Female,16,Carrier,NA,time_8,0.104867625
213,63.8,Male,16,Non-carrier,NA,baseline,0.11299686
213,63.8,Male,16,Non-carrier,NA,time_2,0.112907947
213,63.8,Male,16,Non-carrier,NA,time_4,0.11193664400000002
213,63.8,Male,16,Non-carrier,NA,time_6,0.10854443800000001
213,63.8,Male,16,Non-carrier,NA,time_8,0.10808117800000001
214,60.9,Male,16,Non-carrier,NA,baseline,0.112598517
214,60.9,Male,16,Non-carrier,NA,time_2,0.110321332
214,60.9,Male,16,Non-carrier,NA,time_4,0.11707187200000001
214,60.9,Male,16,Non-carrier,NA,time_6,0.11199777100000001
214,60.9,Male,16,Non-carrier,NA,time_8,0.110278987
215,68,Male,16,Non-carrier,NA,baseline,0.111034389
215,68,Male,16,Non-carrier,NA,time_2,0.10993517200000001
215,68,Male,16,Non-carrier,NA,time_4,0.10994195699999999
215,68,Male,16,Non-carrier,NA,time_6,0.10905900199999999
215,68,Male,16,Non-carrier,NA,time_8,0.10745899699999999
216,69.6,Female,12,Non-carrier,NA,baseline,0.10901893699999998
216,69.6,Female,12,Non-carrier,NA,time_2,NA
216,69.6,Female,12,Non-carrier,NA,time_4,0.10677133800000001
216,69.6,Female,12,Non-carrier,NA,time_6,0.109148607
216,69.6,Female,12,Non-carrier,NA,time_8,0.10609265400000002
217,64.1,Female,16,Non-carrier,NA,baseline,0.114991488
217,64.1,Female,16,Non-carrier,NA,time_2,0.111271838
217,64.1,Female,16,Non-carrier,NA,time_4,0.112281329
217,64.1,Female,16,Non-carrier,NA,time_6,0.10862547800000003
217,64.1,Female,16,Non-carrier,NA,time_8,0.10422965200000002
218,61.2,Male,16,Non-carrier,65.9,baseline,0.11380285999999999
218,61.2,Male,16,Non-carrier,65.9,time_2,0.11567663100000002
218,61.2,Male,16,Non-carrier,65.9,time_4,0.112240869
218,61.2,Male,16,Non-carrier,65.9,time_6,0.11031953099999998
218,61.2,Male,16,Non-carrier,65.9,time_8,0.110548777
219,66.9,Female,16,Carrier,NA,baseline,0.107481863
219,66.9,Female,16,Carrier,NA,time_2,0.10477106000000001
219,66.9,Female,16,Carrier,NA,time_4,0.109749603
219,66.9,Female,16,Carrier,NA,time_6,0.10506234800000001
219,66.9,Female,16,Carrier,NA,time_8,0.10176678600000003
220,64.9,Male,16,Non-carrier,NA,baseline,0.10954589699999999
220,64.9,Male,16,Non-carrier,NA,time_2,0.113029162
220,64.9,Male,16,Non-carrier,NA,time_4,0.114310737
220,64.9,Male,16,Non-carrier,NA,time_6,NA
220,64.9,Male,16,Non-carrier,NA,time_8,0.10981839999999998
221,59.8,Female,18,Non-carrier,NA,baseline,0.11525672300000002
221,59.8,Female,18,Non-carrier,NA,time_2,0.11421839699999999
221,59.8,Female,18,Non-carrier,NA,time_4,0.111954677
221,59.8,Female,18,Non-carrier,NA,time_6,0.11116452400000001
221,59.8,Female,18,Non-carrier,NA,time_8,0.113910429
222,65,Male,16,Non-carrier,NA,baseline,0.10719587000000003
222,65,Male,16,Non-carrier,NA,time_2,0.112179679
222,65,Male,16,Non-carrier,NA,time_4,NA
222,65,Male,16,Non-carrier,NA,time_6,0.10668050200000001
222,65,Male,16,Non-carrier,NA,time_8,0.10829710400000002
223,63.1,Female,20,Carrier,NA,baseline,0.108381993
223,63.1,Female,20,Carrier,NA,time_2,0.107049412
223,63.1,Female,20,Carrier,NA,time_4,0.10952307000000001
223,63.1,Female,20,Carrier,NA,time_6,0.10822363600000003
223,63.1,Female,20,Carrier,NA,time_8,0.10377687800000002
224,64,Female,12,Non-carrier,NA,baseline,0.112909545
224,64,Female,12,Non-carrier,NA,time_2,0.112770958
224,64,Female,12,Non-carrier,NA,time_4,0.10776053500000002
224,64,Female,12,Non-carrier,NA,time_6,0.10915947999999999
224,64,Female,12,Non-carrier,NA,time_8,0.112712093
225,61.5,Male,16,Non-carrier,NA,baseline,0.11481430399999999
225,61.5,Male,16,Non-carrier,NA,time_2,0.115060301
225,61.5,Male,16,Non-carrier,NA,time_4,0.11632403200000001
225,61.5,Male,16,Non-carrier,NA,time_6,0.111921308
225,61.5,Male,16,Non-carrier,NA,time_8,0.111561345
226,70.4,Male,16,Non-carrier,75.4,baseline,0.113086843
226,70.4,Male,16,Non-carrier,75.4,time_2,0.110028856
226,70.4,Male,16,Non-carrier,75.4,time_4,0.11019369500000001
226,70.4,Male,16,Non-carrier,75.4,time_6,0.10722139600000001
226,70.4,Male,16,Non-carrier,75.4,time_8,0.105330637
227,64,Male,16,Carrier,NA,baseline,0.10937935699999998
227,64,Male,16,Carrier,NA,time_2,NA
227,64,Male,16,Carrier,NA,time_4,0.109891454
227,64,Male,16,Carrier,NA,time_6,0.10614477300000003
227,64,Male,16,Carrier,NA,time_8,0.10523065200000002
228,60.2,Male,12,Non-carrier,NA,baseline,0.11207012300000001
228,60.2,Male,12,Non-carrier,NA,time_2,0.11601577400000002
228,60.2,Male,12,Non-carrier,NA,time_4,0.11188580399999999
228,60.2,Male,12,Non-carrier,NA,time_6,0.110751579
228,60.2,Male,12,Non-carrier,NA,time_8,0.111124896
229,65.6,Female,18,Non-carrier,70.9,baseline,0.110090355
229,65.6,Female,18,Non-carrier,70.9,time_2,0.114248533
229,65.6,Female,18,Non-carrier,70.9,time_4,0.111349647
229,65.6,Female,18,Non-carrier,70.9,time_6,0.107372297
229,65.6,Female,18,Non-carrier,70.9,time_8,0.10829912800000002
230,65.8,Female,20,Carrier,70.8,baseline,0.10836535200000001
230,65.8,Female,20,Carrier,70.8,time_2,NA
230,65.8,Female,20,Carrier,70.8,time_4,0.10586377800000002
230,65.8,Female,20,Carrier,70.8,time_6,0.10732344400000002
230,65.8,Female,20,Carrier,70.8,time_8,0.106788809
231,62,Male,12,Carrier,NA,baseline,0.11458088999999999
231,62,Male,12,Carrier,NA,time_2,0.109402445
231,62,Male,12,Carrier,NA,time_4,NA
231,62,Male,12,Carrier,NA,time_6,0.11087752399999999
231,62,Male,12,Carrier,NA,time_8,0.10814478700000002
232,56.3,Male,16,Non-carrier,NA,baseline,0.11595142
232,56.3,Male,16,Non-carrier,NA,time_2,NA
232,56.3,Male,16,Non-carrier,NA,time_4,0.11611567600000001
232,56.3,Male,16,Non-carrier,NA,time_6,0.11343223100000001
232,56.3,Male,16,Non-carrier,NA,time_8,0.109090531
233,63.1,Male,16,Non-carrier,NA,baseline,0.112893833
233,63.1,Male,16,Non-carrier,NA,time_2,0.115013335
233,63.1,Male,16,Non-carrier,NA,time_4,0.110634459
233,63.1,Male,16,Non-carrier,NA,time_6,0.10609067800000002
233,63.1,Male,16,Non-carrier,NA,time_8,0.11104654400000001
235,64.8,Male,16,Non-carrier,NA,baseline,0.11137802
235,64.8,Male,16,Non-carrier,NA,time_2,0.11137839599999998
235,64.8,Male,16,Non-carrier,NA,time_4,0.10997991099999999
235,64.8,Male,16,Non-carrier,NA,time_6,0.109572352
235,64.8,Male,16,Non-carrier,NA,time_8,0.10863600300000002
236,64.7,Female,18,Non-carrier,NA,baseline,0.11558541
236,64.7,Female,18,Non-carrier,NA,time_2,NA
236,64.7,Female,18,Non-carrier,NA,time_4,0.11080032799999999
236,64.7,Female,18,Non-carrier,NA,time_6,0.11329720200000001
236,64.7,Female,18,Non-carrier,NA,time_8,0.10689018000000002
237,66.7,Male,16,Non-carrier,NA,baseline,0.11319658200000002
237,66.7,Male,16,Non-carrier,NA,time_2,0.10900657000000001
237,66.7,Male,16,Non-carrier,NA,time_4,0.10950987999999999
237,66.7,Male,16,Non-carrier,NA,time_6,0.111039211
237,66.7,Male,16,Non-carrier,NA,time_8,0.10803524700000003
238,61.4,Male,16,Non-carrier,NA,baseline,0.112606834
238,61.4,Male,16,Non-carrier,NA,time_2,0.11639781899999999
238,61.4,Male,16,Non-carrier,NA,time_4,0.115982548
238,61.4,Male,16,Non-carrier,NA,time_6,0.11005033799999998
238,61.4,Male,16,Non-carrier,NA,time_8,0.11091781199999998
239,68.3,Male,16,Non-carrier,NA,baseline,0.113600797
239,68.3,Male,16,Non-carrier,NA,time_2,0.106647566
239,68.3,Male,16,Non-carrier,NA,time_4,0.109082952
239,68.3,Male,16,Non-carrier,NA,time_6,0.11145009199999999
239,68.3,Male,16,Non-carrier,NA,time_8,0.10956510800000001
240,65,Female,16,Carrier,NA,baseline,0.107417229
240,65,Female,16,Carrier,NA,time_2,0.10528492100000002
240,65,Female,16,Carrier,NA,time_4,0.10852181400000001
240,65,Female,16,Carrier,NA,time_6,0.109283827
240,65,Female,16,Carrier,NA,time_8,NA
241,67.1,Male,12,Non-carrier,NA,baseline,0.11086890799999999
241,67.1,Male,12,Non-carrier,NA,time_2,0.11549979
241,67.1,Male,12,Non-carrier,NA,time_4,0.11151449499999999
241,67.1,Male,12,Non-carrier,NA,time_6,0.10933464700000001
241,67.1,Male,12,Non-carrier,NA,time_8,0.10659778200000002
242,68.1,Male,12,Non-carrier,75.6,baseline,0.110615293
242,68.1,Male,12,Non-carrier,75.6,time_2,0.11246602300000001
242,68.1,Male,12,Non-carrier,75.6,time_4,0.110543716
242,68.1,Male,12,Non-carrier,75.6,time_6,0.108457735
242,68.1,Male,12,Non-carrier,75.6,time_8,0.106649029
243,65.7,Male,18,Non-carrier,NA,baseline,0.11200025300000001
243,65.7,Male,18,Non-carrier,NA,time_2,0.10891655400000001
243,65.7,Male,18,Non-carrier,NA,time_4,0.116997515
243,65.7,Male,18,Non-carrier,NA,time_6,0.11376154900000002
243,65.7,Male,18,Non-carrier,NA,time_8,0.111077001
244,62.4,Male,16,Non-carrier,NA,baseline,0.11362272500000002
244,62.4,Male,16,Non-carrier,NA,time_2,0.11163437400000001
244,62.4,Male,16,Non-carrier,NA,time_4,0.11621941899999999
244,62.4,Male,16,Non-carrier,NA,time_6,0.10849752700000001
244,62.4,Male,16,Non-carrier,NA,time_8,NA
245,68.5,Female,16,Non-carrier,NA,baseline,0.110709106
245,68.5,Female,16,Non-carrier,NA,time_2,0.11144222300000001
245,68.5,Female,16,Non-carrier,NA,time_4,NA
245,68.5,Female,16,Non-carrier,NA,time_6,0.10820147300000002
245,68.5,Female,16,Non-carrier,NA,time_8,NA
246,59,Female,16,Non-carrier,NA,baseline,0.10723631900000001
246,59,Female,16,Non-carrier,NA,time_2,NA
246,59,Female,16,Non-carrier,NA,time_4,0.113907651
246,59,Female,16,Non-carrier,NA,time_6,0.116341044
246,59,Female,16,Non-carrier,NA,time_8,0.108183992
247,63.4,Female,16,Non-carrier,NA,baseline,0.112413078
247,63.4,Female,16,Non-carrier,NA,time_2,0.11127540400000001
247,63.4,Female,16,Non-carrier,NA,time_4,0.113651628
247,63.4,Female,16,Non-carrier,NA,time_6,0.10935836299999997
247,63.4,Female,16,Non-carrier,NA,time_8,0.10922967500000001
248,64.2,Female,20,Non-carrier,NA,baseline,0.10949678900000001
248,64.2,Female,20,Non-carrier,NA,time_2,0.110915407
248,64.2,Female,20,Non-carrier,NA,time_4,0.10776812400000002
248,64.2,Female,20,Non-carrier,NA,time_6,0.10929097200000001
248,64.2,Female,20,Non-carrier,NA,time_8,0.10767752300000001
249,64.5,Female,16,Carrier,68.4,baseline,0.10787522600000002
249,64.5,Female,16,Carrier,68.4,time_2,0.10612093400000001
249,64.5,Female,16,Carrier,68.4,time_4,0.11052202800000001
249,64.5,Female,16,Carrier,68.4,time_6,0.10443051
249,64.5,Female,16,Carrier,68.4,time_8,0.104297366
250,68.1,Male,16,Carrier,74.5,baseline,0.10728770200000001
250,68.1,Male,16,Carrier,74.5,time_2,0.10904383699999999
250,68.1,Male,16,Carrier,74.5,time_4,0.109596383
250,68.1,Male,16,Carrier,74.5,time_6,0.105458715
250,68.1,Male,16,Carrier,74.5,time_8,0.10294026
251,65.4,Male,16,Non-carrier,NA,baseline,0.113267198
251,65.4,Male,16,Non-carrier,NA,time_2,0.11286025400000001
251,65.4,Male,16,Non-carrier,NA,time_4,0.11019954100000001
251,65.4,Male,16,Non-carrier,NA,time_6,0.11185353199999999
251,65.4,Male,16,Non-carrier,NA,time_8,0.110125816
252,66.2,Male,16,Carrier,69.6,baseline,0.10600266300000001
252,66.2,Male,16,Carrier,69.6,time_2,0.10943898799999999
252,66.2,Male,16,Carrier,69.6,time_4,0.10473459800000001
252,66.2,Male,16,Carrier,69.6,time_6,0.10883221900000001
252,66.2,Male,16,Carrier,69.6,time_8,0.10551374100000002
253,64.8,Female,16,Non-carrier,NA,baseline,0.11513462700000002
253,64.8,Female,16,Non-carrier,NA,time_2,0.11054729099999999
253,64.8,Female,16,Non-carrier,NA,time_4,0.10671424300000003
253,64.8,Female,16,Non-carrier,NA,time_6,0.10643584400000002
253,64.8,Female,16,Non-carrier,NA,time_8,0.111616836
254,64.3,Female,16,Non-carrier,NA,baseline,0.110245956
254,64.3,Female,16,Non-carrier,NA,time_2,0.10877229300000002
254,64.3,Female,16,Non-carrier,NA,time_4,0.11093049499999999
254,64.3,Female,16,Non-carrier,NA,time_6,0.109040278
254,64.3,Female,16,Non-carrier,NA,time_8,0.106643493
255,67.1,Male,20,Non-carrier,NA,baseline,0.10625347500000001
255,67.1,Male,20,Non-carrier,NA,time_2,0.11010525100000002
255,67.1,Male,20,Non-carrier,NA,time_4,0.11122370200000002
255,67.1,Male,20,Non-carrier,NA,time_6,0.10901393399999999
255,67.1,Male,20,Non-carrier,NA,time_8,0.108802433
256,68.4,Male,16,Non-carrier,NA,baseline,0.110333058
256,68.4,Male,16,Non-carrier,NA,time_2,0.111191436
256,68.4,Male,16,Non-carrier,NA,time_4,0.111561994
256,68.4,Male,16,Non-carrier,NA,time_6,0.11229027300000002
256,68.4,Male,16,Non-carrier,NA,time_8,0.105329408
257,57.8,Male,18,Non-carrier,NA,baseline,0.11543654000000002
257,57.8,Male,18,Non-carrier,NA,time_2,0.11366875600000001
257,57.8,Male,18,Non-carrier,NA,time_4,0.11597948899999999
257,57.8,Male,18,Non-carrier,NA,time_6,0.118015523
257,57.8,Male,18,Non-carrier,NA,time_8,0.112190486
258,66.7,Male,16,Non-carrier,NA,baseline,0.112868713
258,66.7,Male,16,Non-carrier,NA,time_2,0.113611195
258,66.7,Male,16,Non-carrier,NA,time_4,0.11398755799999999
258,66.7,Male,16,Non-carrier,NA,time_6,0.112578082
258,66.7,Male,16,Non-carrier,NA,time_8,NA
259,66.1,Female,16,Non-carrier,NA,baseline,0.10845363300000001
259,66.1,Female,16,Non-carrier,NA,time_2,0.109658783
259,66.1,Female,16,Non-carrier,NA,time_4,0.113913322
259,66.1,Female,16,Non-carrier,NA,time_6,0.10932138999999999
259,66.1,Female,16,Non-carrier,NA,time_8,NA
260,63.7,Male,18,Carrier,NA,baseline,0.10979679700000002
260,63.7,Male,18,Carrier,NA,time_2,0.11022400500000001
260,63.7,Male,18,Carrier,NA,time_4,NA
260,63.7,Male,18,Carrier,NA,time_6,0.109814774
260,63.7,Male,18,Carrier,NA,time_8,0.102045489
261,67.9,Male,16,Carrier,NA,baseline,0.103748954
261,67.9,Male,16,Carrier,NA,time_2,0.107379199
261,67.9,Male,16,Carrier,NA,time_4,0.10854684900000001
261,67.9,Male,16,Carrier,NA,time_6,0.102970337
261,67.9,Male,16,Carrier,NA,time_8,0.10714683700000001
262,63.8,Female,16,Non-carrier,NA,baseline,0.10944646499999999
262,63.8,Female,16,Non-carrier,NA,time_2,0.111668885
262,63.8,Female,16,Non-carrier,NA,time_4,0.110423346
262,63.8,Female,16,Non-carrier,NA,time_6,0.10721586300000001
262,63.8,Female,16,Non-carrier,NA,time_8,0.112984185
263,64.1,Male,18,Non-carrier,NA,baseline,0.114413693
263,64.1,Male,18,Non-carrier,NA,time_2,0.118711732
263,64.1,Male,18,Non-carrier,NA,time_4,0.113048282
263,64.1,Male,18,Non-carrier,NA,time_6,0.110042851
263,64.1,Male,18,Non-carrier,NA,time_8,0.10982033199999999
264,67.6,Female,16,Non-carrier,NA,baseline,0.109290417
264,67.6,Female,16,Non-carrier,NA,time_2,0.10705257500000001
264,67.6,Female,16,Non-carrier,NA,time_4,0.104537415
264,67.6,Female,16,Non-carrier,NA,time_6,0.10852347900000002
264,67.6,Female,16,Non-carrier,NA,time_8,0.111256162
265,70.2,Male,16,Non-carrier,NA,baseline,0.111600682
265,70.2,Male,16,Non-carrier,NA,time_2,0.10938335399999999
265,70.2,Male,16,Non-carrier,NA,time_4,0.11116014900000001
265,70.2,Male,16,Non-carrier,NA,time_6,0.10917225900000001
265,70.2,Male,16,Non-carrier,NA,time_8,0.10938153799999999
266,65.8,Male,16,Non-carrier,NA,baseline,0.11336980999999999
266,65.8,Male,16,Non-carrier,NA,time_2,0.111157775
266,65.8,Male,16,Non-carrier,NA,time_4,0.11320262100000002
266,65.8,Male,16,Non-carrier,NA,time_6,0.110916573
266,65.8,Male,16,Non-carrier,NA,time_8,0.106187184
267,63.7,Male,16,Non-carrier,NA,baseline,0.114340797
267,63.7,Male,16,Non-carrier,NA,time_2,0.11676090300000001
267,63.7,Male,16,Non-carrier,NA,time_4,0.11224959799999999
267,63.7,Male,16,Non-carrier,NA,time_6,0.115404869
267,63.7,Male,16,Non-carrier,NA,time_8,0.111303622
269,64,Male,20,Non-carrier,NA,baseline,0.110360136
269,64,Male,20,Non-carrier,NA,time_2,0.10867665500000002
269,64,Male,20,Non-carrier,NA,time_4,0.11136225200000001
269,64,Male,20,Non-carrier,NA,time_6,0.109486086
269,64,Male,20,Non-carrier,NA,time_8,0.11559608200000002
270,62.2,Male,16,Carrier,NA,baseline,0.11031577000000001
270,62.2,Male,16,Carrier,NA,time_2,NA
270,62.2,Male,16,Carrier,NA,time_4,0.10983406799999999
270,62.2,Male,16,Carrier,NA,time_6,0.10821929400000001
270,62.2,Male,16,Carrier,NA,time_8,0.108880295
271,64.2,Male,12,Carrier,NA,baseline,0.110585716
271,64.2,Male,12,Carrier,NA,time_2,0.110450742
271,64.2,Male,12,Carrier,NA,time_4,0.110279471
271,64.2,Male,12,Carrier,NA,time_6,0.109730294
271,64.2,Male,12,Carrier,NA,time_8,0.10694468700000001
272,66.2,Male,16,Carrier,NA,baseline,0.106047845
272,66.2,Male,16,Carrier,NA,time_2,0.10252254800000002
272,66.2,Male,16,Carrier,NA,time_4,0.10650230000000001
272,66.2,Male,16,Carrier,NA,time_6,0.103627959
272,66.2,Male,16,Carrier,NA,time_8,0.105508768
273,62.4,Female,16,Non-carrier,NA,baseline,0.111687203
273,62.4,Female,16,Non-carrier,NA,time_2,0.11221426200000001
273,62.4,Female,16,Non-carrier,NA,time_4,0.11466255900000001
273,62.4,Female,16,Non-carrier,NA,time_6,0.114035932
273,62.4,Female,16,Non-carrier,NA,time_8,0.11160086
274,72.9,Female,16,Non-carrier,NA,baseline,0.109256855
274,72.9,Female,16,Non-carrier,NA,time_2,0.109016523
274,72.9,Female,16,Non-carrier,NA,time_4,0.107350371
274,72.9,Female,16,Non-carrier,NA,time_6,0.10345999599999998
274,72.9,Female,16,Non-carrier,NA,time_8,0.110392014
275,65.5,Female,12,Non-carrier,NA,baseline,0.113862157
275,65.5,Female,12,Non-carrier,NA,time_2,0.113152705
275,65.5,Female,12,Non-carrier,NA,time_4,NA
275,65.5,Female,12,Non-carrier,NA,time_6,0.110478446
275,65.5,Female,12,Non-carrier,NA,time_8,0.109628693
276,68.4,Female,16,Carrier,NA,baseline,0.10366962800000001
276,68.4,Female,16,Carrier,NA,time_2,NA
276,68.4,Female,16,Carrier,NA,time_4,0.10649599800000001
276,68.4,Female,16,Carrier,NA,time_6,NA
276,68.4,Female,16,Carrier,NA,time_8,0.10313154300000002
277,58.1,Male,16,Carrier,61.6,baseline,0.11571247600000001
277,58.1,Male,16,Carrier,61.6,time_2,NA
277,58.1,Male,16,Carrier,61.6,time_4,0.111484023
277,58.1,Male,16,Carrier,61.6,time_6,NA
277,58.1,Male,16,Carrier,61.6,time_8,0.10534107100000001
278,67.2,Female,16,Non-carrier,NA,baseline,0.10778807900000001
278,67.2,Female,16,Non-carrier,NA,time_2,0.10853398700000001
278,67.2,Female,16,Non-carrier,NA,time_4,0.105360808
278,67.2,Female,16,Non-carrier,NA,time_6,0.109739168
278,67.2,Female,16,Non-carrier,NA,time_8,0.10488721799999999
279,61.1,Female,18,Non-carrier,NA,baseline,0.11000127500000001
279,61.1,Female,18,Non-carrier,NA,time_2,0.11353116
279,61.1,Female,18,Non-carrier,NA,time_4,0.11223643500000001
279,61.1,Female,18,Non-carrier,NA,time_6,0.11320741
279,61.1,Female,18,Non-carrier,NA,time_8,0.11110656000000001
280,67.8,Female,16,Carrier,71.8,baseline,0.10701986
280,67.8,Female,16,Carrier,71.8,time_2,NA
280,67.8,Female,16,Carrier,71.8,time_4,0.10271067500000002
280,67.8,Female,16,Carrier,71.8,time_6,0.104851778
280,67.8,Female,16,Carrier,71.8,time_8,0.10376577200000003
281,66.2,Male,16,Carrier,NA,baseline,0.110473547
281,66.2,Male,16,Carrier,NA,time_2,0.108010138
281,66.2,Male,16,Carrier,NA,time_4,NA
281,66.2,Male,16,Carrier,NA,time_6,0.10400615900000001
281,66.2,Male,16,Carrier,NA,time_8,0.107353915
282,63.8,Female,16,Carrier,NA,baseline,0.104402165
282,63.8,Female,16,Carrier,NA,time_2,0.10824971800000001
282,63.8,Female,16,Carrier,NA,time_4,0.10804157000000002
282,63.8,Female,16,Carrier,NA,time_6,0.109605801
282,63.8,Female,16,Carrier,NA,time_8,NA
284,62.9,Female,16,Non-carrier,NA,baseline,0.110562425
284,62.9,Female,16,Non-carrier,NA,time_2,0.10879648300000003
284,62.9,Female,16,Non-carrier,NA,time_4,0.11231711899999998
284,62.9,Female,16,Non-carrier,NA,time_6,0.11003662400000001
284,62.9,Female,16,Non-carrier,NA,time_8,NA
285,63.3,Female,12,Non-carrier,NA,baseline,0.11086527700000001
285,63.3,Female,12,Non-carrier,NA,time_2,0.109180323
285,63.3,Female,12,Non-carrier,NA,time_4,0.112288201
285,63.3,Female,12,Non-carrier,NA,time_6,0.10938308399999999
285,63.3,Female,12,Non-carrier,NA,time_8,0.11165709699999998
286,62,Male,16,Carrier,67.4,baseline,0.11156553400000001
286,62,Male,16,Carrier,67.4,time_2,0.10898425100000002
286,62,Male,16,Carrier,67.4,time_4,NA
286,62,Male,16,Carrier,67.4,time_6,0.10878002000000002
286,62,Male,16,Carrier,67.4,time_8,0.10422752900000001
287,63,Male,16,Carrier,68,baseline,0.10854519500000001
287,63,Male,16,Carrier,68,time_2,0.109804562
287,63,Male,16,Carrier,68,time_4,0.11259578100000002
287,63,Male,16,Carrier,68,time_6,0.10927739399999999
287,63,Male,16,Carrier,68,time_8,0.10728823800000001
288,67.8,Female,16,Non-carrier,NA,baseline,0.11249236
288,67.8,Female,16,Non-carrier,NA,time_2,0.110777255
288,67.8,Female,16,Non-carrier,NA,time_4,0.10769642700000003
288,67.8,Female,16,Non-carrier,NA,time_6,0.11112674200000003
288,67.8,Female,16,Non-carrier,NA,time_8,0.10549094400000002
289,66.3,Male,18,Carrier,74.1,baseline,0.10662875300000002
289,66.3,Male,18,Carrier,74.1,time_2,NA
289,66.3,Male,18,Carrier,74.1,time_4,0.111128361
289,66.3,Male,18,Carrier,74.1,time_6,0.10557351400000001
289,66.3,Male,18,Carrier,74.1,time_8,0.108340662
290,68,Male,12,Non-carrier,NA,baseline,0.111066618
290,68,Male,12,Non-carrier,NA,time_2,0.111884626
290,68,Male,12,Non-carrier,NA,time_4,0.10702223600000002
290,68,Male,12,Non-carrier,NA,time_6,0.10718072800000002
290,68,Male,12,Non-carrier,NA,time_8,0.113024817
291,63.8,Male,16,Non-carrier,NA,baseline,0.112938689
291,63.8,Male,16,Non-carrier,NA,time_2,0.112360489
291,63.8,Male,16,Non-carrier,NA,time_4,0.10594360800000001
291,63.8,Male,16,Non-carrier,NA,time_6,0.11360883
291,63.8,Male,16,Non-carrier,NA,time_8,0.10991213799999999
292,66.1,Female,18,Non-carrier,70.2,baseline,0.11200547300000001
292,66.1,Female,18,Non-carrier,70.2,time_2,0.111128689
292,66.1,Female,18,Non-carrier,70.2,time_4,0.110529628
292,66.1,Female,18,Non-carrier,70.2,time_6,0.10752406900000001
292,66.1,Female,18,Non-carrier,70.2,time_8,0.111213884
293,65.7,Female,16,Non-carrier,NA,baseline,0.111427155
293,65.7,Female,16,Non-carrier,NA,time_2,NA
293,65.7,Female,16,Non-carrier,NA,time_4,NA
293,65.7,Female,16,Non-carrier,NA,time_6,NA
293,65.7,Female,16,Non-carrier,NA,time_8,0.10560714200000001
294,60.7,Male,18,Non-carrier,NA,baseline,0.10927653200000001
294,60.7,Male,18,Non-carrier,NA,time_2,0.11302656900000001
294,60.7,Male,18,Non-carrier,NA,time_4,0.111248602
294,60.7,Male,18,Non-carrier,NA,time_6,0.111423406
294,60.7,Male,18,Non-carrier,NA,time_8,0.111403693
295,70.3,Male,20,Non-carrier,NA,baseline,0.11560668500000001
295,70.3,Male,20,Non-carrier,NA,time_2,NA
295,70.3,Male,20,Non-carrier,NA,time_4,0.10895213200000001
295,70.3,Male,20,Non-carrier,NA,time_6,0.111533928
295,70.3,Male,20,Non-carrier,NA,time_8,0.10741593
296,65.4,Female,16,Non-carrier,NA,baseline,0.112392331
296,65.4,Female,16,Non-carrier,NA,time_2,NA
296,65.4,Female,16,Non-carrier,NA,time_4,0.109694398
296,65.4,Female,16,Non-carrier,NA,time_6,NA
296,65.4,Female,16,Non-carrier,NA,time_8,0.10752140600000001
297,67.3,Male,16,Carrier,73.9,baseline,0.112519791
297,67.3,Male,16,Carrier,73.9,time_2,0.10729682900000002
297,67.3,Male,16,Carrier,73.9,time_4,0.10957272400000001
297,67.3,Male,16,Carrier,73.9,time_6,0.107416099
297,67.3,Male,16,Carrier,73.9,time_8,0.10553613100000002
298,67.9,Male,16,Non-carrier,NA,baseline,0.10579863500000002
298,67.9,Male,16,Non-carrier,NA,time_2,0.112435931
298,67.9,Male,16,Non-carrier,NA,time_4,0.108849157
298,67.9,Male,16,Non-carrier,NA,time_6,0.10870563000000003
298,67.9,Male,16,Non-carrier,NA,time_8,0.10770348200000002
299,64.8,Male,16,Non-carrier,NA,baseline,0.11669912100000002
299,64.8,Male,16,Non-carrier,NA,time_2,0.109227089
299,64.8,Male,16,Non-carrier,NA,time_4,0.10537442100000001
299,64.8,Male,16,Non-carrier,NA,time_6,0.111752382
299,64.8,Male,16,Non-carrier,NA,time_8,0.111579106
300,64.1,Male,16,Carrier,NA,baseline,0.109040582
300,64.1,Male,16,Carrier,NA,time_2,0.10829598500000003
300,64.1,Male,16,Carrier,NA,time_4,0.111727067
300,64.1,Male,16,Carrier,NA,time_6,0.10294160100000001
300,64.1,Male,16,Carrier,NA,time_8,0.10457450200000001
301,67.7,Female,16,Non-carrier,73.4,baseline,0.11210518400000001
301,67.7,Female,16,Non-carrier,73.4,time_2,0.110651703
301,67.7,Female,16,Non-carrier,73.4,time_4,0.112009448
301,67.7,Female,16,Non-carrier,73.4,time_6,0.10666404300000003
301,67.7,Female,16,Non-carrier,73.4,time_8,NA
302,61.9,Male,16,Carrier,NA,baseline,0.112249076
302,61.9,Male,16,Carrier,NA,time_2,0.113542483
302,61.9,Male,16,Carrier,NA,time_4,0.10873624800000004
302,61.9,Male,16,Carrier,NA,time_6,0.11236735999999999
302,61.9,Male,16,Carrier,NA,time_8,0.111010295
303,70.9,Male,16,Non-carrier,NA,baseline,0.11162008100000001
303,70.9,Male,16,Non-carrier,NA,time_2,0.110791889
303,70.9,Male,16,Non-carrier,NA,time_4,0.10645713
303,70.9,Male,16,Non-carrier,NA,time_6,0.1134974
303,70.9,Male,16,Non-carrier,NA,time_8,0.10860252400000002
305,70,Female,18,Carrier,77.2,baseline,0.10657514600000002
305,70,Female,18,Carrier,77.2,time_2,0.109139729
305,70,Female,18,Carrier,77.2,time_4,0.107237307
305,70,Female,18,Carrier,77.2,time_6,0.100797063
305,70,Female,18,Carrier,77.2,time_8,0.103960862
306,69.5,Female,16,Non-carrier,72.6,baseline,0.107617927
306,69.5,Female,16,Non-carrier,72.6,time_2,0.10549774000000002
306,69.5,Female,16,Non-carrier,72.6,time_4,0.105779618
306,69.5,Female,16,Non-carrier,72.6,time_6,0.10403073700000001
306,69.5,Female,16,Non-carrier,72.6,time_8,0.103597858
307,65.2,Male,16,Non-carrier,NA,baseline,0.115482975
307,65.2,Male,16,Non-carrier,NA,time_2,0.107838911
307,65.2,Male,16,Non-carrier,NA,time_4,NA
307,65.2,Male,16,Non-carrier,NA,time_6,0.110497676
307,65.2,Male,16,Non-carrier,NA,time_8,0.109453551
308,66.7,Female,12,Carrier,NA,baseline,0.107487702
308,66.7,Female,12,Carrier,NA,time_2,NA
308,66.7,Female,12,Carrier,NA,time_4,NA
308,66.7,Female,12,Carrier,NA,time_6,NA
308,66.7,Female,12,Carrier,NA,time_8,0.10828393800000001
309,61.9,Female,18,Non-carrier,NA,baseline,0.11339977200000001
309,61.9,Female,18,Non-carrier,NA,time_2,0.11075072400000001
309,61.9,Female,18,Non-carrier,NA,time_4,0.11377839399999999
309,61.9,Female,18,Non-carrier,NA,time_6,0.10729657800000003
309,61.9,Female,18,Non-carrier,NA,time_8,0.109604379
310,66,Male,16,Carrier,NA,baseline,0.109270887
310,66,Male,16,Carrier,NA,time_2,0.10979505500000002
310,66,Male,16,Carrier,NA,time_4,NA
310,66,Male,16,Carrier,NA,time_6,0.11209300000000001
310,66,Male,16,Carrier,NA,time_8,0.10437567400000002
311,68.1,Male,16,Non-carrier,NA,baseline,0.109151165
311,68.1,Male,16,Non-carrier,NA,time_2,0.11614170100000001
311,68.1,Male,16,Non-carrier,NA,time_4,0.11134999599999998
311,68.1,Male,16,Non-carrier,NA,time_6,0.108476817
311,68.1,Male,16,Non-carrier,NA,time_8,0.10677960600000001
312,65.3,Male,16,Non-carrier,NA,baseline,0.11345942799999999
312,65.3,Male,16,Non-carrier,NA,time_2,0.11223500000000002
312,65.3,Male,16,Non-carrier,NA,time_4,0.10810113600000001
312,65.3,Male,16,Non-carrier,NA,time_6,0.11013497900000001
312,65.3,Male,16,Non-carrier,NA,time_8,0.11098663
313,63.6,Male,18,Non-carrier,NA,baseline,0.11398153
313,63.6,Male,18,Non-carrier,NA,time_2,0.10963414000000002
313,63.6,Male,18,Non-carrier,NA,time_4,0.11609623700000002
313,63.6,Male,18,Non-carrier,NA,time_6,0.10857427800000002
313,63.6,Male,18,Non-carrier,NA,time_8,0.11070115800000001
314,63,Female,16,Non-carrier,68.7,baseline,0.11448869499999999
314,63,Female,16,Non-carrier,68.7,time_2,0.111534036
314,63,Female,16,Non-carrier,68.7,time_4,0.113995497
314,63,Female,16,Non-carrier,68.7,time_6,0.116064016
314,63,Female,16,Non-carrier,68.7,time_8,0.111072404
315,64.9,Female,16,Non-carrier,NA,baseline,0.113616693
315,64.9,Female,16,Non-carrier,NA,time_2,0.10847684400000002
315,64.9,Female,16,Non-carrier,NA,time_4,0.11385705899999998
315,64.9,Female,16,Non-carrier,NA,time_6,0.10930893299999998
315,64.9,Female,16,Non-carrier,NA,time_8,0.109643453
316,68.2,Female,16,Non-carrier,NA,baseline,0.11054906699999999
316,68.2,Female,16,Non-carrier,NA,time_2,0.109248731
316,68.2,Female,16,Non-carrier,NA,time_4,0.113612053
316,68.2,Female,16,Non-carrier,NA,time_6,0.11285870099999999
316,68.2,Female,16,Non-carrier,NA,time_8,0.10587524900000002
317,63.5,Male,18,Non-carrier,NA,baseline,0.11203413300000001
317,63.5,Male,18,Non-carrier,NA,time_2,0.112309047
317,63.5,Male,18,Non-carrier,NA,time_4,NA
317,63.5,Male,18,Non-carrier,NA,time_6,0.11234541399999999
317,63.5,Male,18,Non-carrier,NA,time_8,0.11162120700000001
318,64.6,Male,12,Non-carrier,NA,baseline,0.11570772200000001
318,64.6,Male,12,Non-carrier,NA,time_2,0.11007876
318,64.6,Male,12,Non-carrier,NA,time_4,0.11352759899999999
318,64.6,Male,12,Non-carrier,NA,time_6,0.11265149299999999
318,64.6,Male,12,Non-carrier,NA,time_8,0.109620327
319,61.1,Female,16,Non-carrier,NA,baseline,0.109862404
319,61.1,Female,16,Non-carrier,NA,time_2,0.11142859499999999
319,61.1,Female,16,Non-carrier,NA,time_4,0.115099192
319,61.1,Female,16,Non-carrier,NA,time_6,0.11226942300000001
319,61.1,Female,16,Non-carrier,NA,time_8,0.11131159099999999
320,66.5,Male,18,Non-carrier,NA,baseline,0.10569471800000002
320,66.5,Male,18,Non-carrier,NA,time_2,0.11133876699999999
320,66.5,Male,18,Non-carrier,NA,time_4,0.112005666
320,66.5,Male,18,Non-carrier,NA,time_6,0.10750653100000002
320,66.5,Male,18,Non-carrier,NA,time_8,0.108281493
321,68.9,Female,16,Non-carrier,NA,baseline,0.110760407
321,68.9,Female,16,Non-carrier,NA,time_2,0.10976405500000001
321,68.9,Female,16,Non-carrier,NA,time_4,0.11085338199999999
321,68.9,Female,16,Non-carrier,NA,time_6,0.10781678500000001
321,68.9,Female,16,Non-carrier,NA,time_8,0.107352739
322,69.5,Male,20,Carrier,NA,baseline,0.110046891
322,69.5,Male,20,Carrier,NA,time_2,0.10716580000000002
322,69.5,Male,20,Carrier,NA,time_4,0.10371254800000002
322,69.5,Male,20,Carrier,NA,time_6,0.103892805
322,69.5,Male,20,Carrier,NA,time_8,0.10677499500000001
323,67.4,Female,16,Carrier,73.9,baseline,0.108951493
323,67.4,Female,16,Carrier,73.9,time_2,0.10815601400000001
323,67.4,Female,16,Carrier,73.9,time_4,0.10716106600000001
323,67.4,Female,16,Carrier,73.9,time_6,0.10778967500000002
323,67.4,Female,16,Carrier,73.9,time_8,0.103367206
324,59.4,Male,16,Non-carrier,NA,baseline,0.11763676700000002
324,59.4,Male,16,Non-carrier,NA,time_2,0.11069572100000002
324,59.4,Male,16,Non-carrier,NA,time_4,0.114759173
324,59.4,Male,16,Non-carrier,NA,time_6,0.11145769999999999
324,59.4,Male,16,Non-carrier,NA,time_8,0.113260306
325,66.4,Male,16,Non-carrier,NA,baseline,0.11174645500000001
325,66.4,Male,16,Non-carrier,NA,time_2,0.110269495
325,66.4,Male,16,Non-carrier,NA,time_4,NA
325,66.4,Male,16,Non-carrier,NA,time_6,0.11069529500000001
325,66.4,Male,16,Non-carrier,NA,time_8,NA
326,66.4,Female,16,Non-carrier,NA,baseline,0.11045910599999999
326,66.4,Female,16,Non-carrier,NA,time_2,0.10828366900000001
326,66.4,Female,16,Non-carrier,NA,time_4,0.11222558500000002
326,66.4,Female,16,Non-carrier,NA,time_6,0.10901514100000001
326,66.4,Female,16,Non-carrier,NA,time_8,0.10883028400000001
327,63.9,Male,16,Non-carrier,NA,baseline,0.115914075
327,63.9,Male,16,Non-carrier,NA,time_2,0.116057447
327,63.9,Male,16,Non-carrier,NA,time_4,0.115017143
327,63.9,Male,16,Non-carrier,NA,time_6,0.11012423700000001
327,63.9,Male,16,Non-carrier,NA,time_8,0.111642089
328,65.5,Male,16,Non-carrier,71,baseline,0.116053343
328,65.5,Male,16,Non-carrier,71,time_2,0.10873245800000002
328,65.5,Male,16,Non-carrier,71,time_4,0.10798112700000001
328,65.5,Male,16,Non-carrier,71,time_6,0.11041239899999998
328,65.5,Male,16,Non-carrier,71,time_8,0.10754557100000002
329,62.4,Male,12,Non-carrier,NA,baseline,0.118405048
329,62.4,Male,12,Non-carrier,NA,time_2,0.115540114
329,62.4,Male,12,Non-carrier,NA,time_4,NA
329,62.4,Male,12,Non-carrier,NA,time_6,NA
329,62.4,Male,12,Non-carrier,NA,time_8,0.11255081699999998
330,67,Female,18,Carrier,NA,baseline,0.108252386
330,67,Female,18,Carrier,NA,time_2,0.11144427800000001
330,67,Female,18,Carrier,NA,time_4,0.10659229800000002
330,67,Female,18,Carrier,NA,time_6,0.109460717
330,67,Female,18,Carrier,NA,time_8,0.1008376
331,64,Male,16,Non-carrier,NA,baseline,0.11043567600000001
331,64,Male,16,Non-carrier,NA,time_2,0.112514085
331,64,Male,16,Non-carrier,NA,time_4,0.11038585399999999
331,64,Male,16,Non-carrier,NA,time_6,0.109035814
331,64,Male,16,Non-carrier,NA,time_8,0.10756418800000002
332,60.3,Female,12,Non-carrier,NA,baseline,0.11172874200000002
332,60.3,Female,12,Non-carrier,NA,time_2,0.10882203900000001
332,60.3,Female,12,Non-carrier,NA,time_4,0.110103497
332,60.3,Female,12,Non-carrier,NA,time_6,0.112970507
332,60.3,Female,12,Non-carrier,NA,time_8,0.10858253200000001
333,63.9,Male,16,Carrier,NA,baseline,0.11154863599999999
333,63.9,Male,16,Carrier,NA,time_2,NA
333,63.9,Male,16,Carrier,NA,time_4,0.109071931
333,63.9,Male,16,Carrier,NA,time_6,0.103038004
333,63.9,Male,16,Carrier,NA,time_8,0.102900066
334,69.1,Male,20,Non-carrier,NA,baseline,0.11141817999999999
334,69.1,Male,20,Non-carrier,NA,time_2,NA
334,69.1,Male,20,Non-carrier,NA,time_4,0.111873356
334,69.1,Male,20,Non-carrier,NA,time_6,0.10887277600000002
334,69.1,Male,20,Non-carrier,NA,time_8,0.111261354
335,64,Female,18,Non-carrier,NA,baseline,0.111391532
335,64,Female,18,Non-carrier,NA,time_2,0.11100339899999999
335,64,Female,18,Non-carrier,NA,time_4,0.113789554
335,64,Female,18,Non-carrier,NA,time_6,0.10712291200000001
335,64,Female,18,Non-carrier,NA,time_8,0.10872715200000002
336,67.2,Female,16,Carrier,73.7,baseline,0.105515499
336,67.2,Female,16,Carrier,73.7,time_2,0.105559957
336,67.2,Female,16,Carrier,73.7,time_4,0.102679883
336,67.2,Female,16,Carrier,73.7,time_6,0.10569702000000002
336,67.2,Female,16,Carrier,73.7,time_8,0.10640764000000001
337,67.8,Female,16,Non-carrier,75,baseline,0.110234919
337,67.8,Female,16,Non-carrier,75,time_2,0.109115569
337,67.8,Female,16,Non-carrier,75,time_4,0.11045707899999999
337,67.8,Female,16,Non-carrier,75,time_6,0.111424351
337,67.8,Female,16,Non-carrier,75,time_8,0.10969575700000002
338,65,Female,16,Non-carrier,70.8,baseline,0.113154484
338,65,Female,16,Non-carrier,70.8,time_2,0.11386607100000001
338,65,Female,16,Non-carrier,70.8,time_4,0.10787517900000002
338,65,Female,16,Non-carrier,70.8,time_6,0.109168346
338,65,Female,16,Non-carrier,70.8,time_8,0.11005689599999999
339,63.9,Female,12,Non-carrier,NA,baseline,0.110406213
339,63.9,Female,12,Non-carrier,NA,time_2,0.11266275800000002
339,63.9,Female,12,Non-carrier,NA,time_4,0.110582059
339,63.9,Female,12,Non-carrier,NA,time_6,0.11202907000000001
339,63.9,Female,12,Non-carrier,NA,time_8,0.10512109600000001
340,63.4,Male,16,Non-carrier,NA,baseline,0.113770508
340,63.4,Male,16,Non-carrier,NA,time_2,NA
340,63.4,Male,16,Non-carrier,NA,time_4,0.112908654
340,63.4,Male,16,Non-carrier,NA,time_6,0.11424814000000001
340,63.4,Male,16,Non-carrier,NA,time_8,0.110175098
341,67.2,Male,18,Non-carrier,NA,baseline,0.111485238
341,67.2,Male,18,Non-carrier,NA,time_2,0.11298836799999998
341,67.2,Male,18,Non-carrier,NA,time_4,0.109995956
341,67.2,Male,18,Non-carrier,NA,time_6,NA
341,67.2,Male,18,Non-carrier,NA,time_8,0.11372583900000001
342,61.8,Male,20,Non-carrier,NA,baseline,0.112281092
342,61.8,Male,20,Non-carrier,NA,time_2,0.110454111
342,61.8,Male,20,Non-carrier,NA,time_4,0.11521218100000001
342,61.8,Male,20,Non-carrier,NA,time_6,0.11315046899999999
342,61.8,Male,20,Non-carrier,NA,time_8,0.112476619
343,65.7,Female,12,Non-carrier,NA,baseline,0.109000592
343,65.7,Female,12,Non-carrier,NA,time_2,0.110828555
343,65.7,Female,12,Non-carrier,NA,time_4,0.112152791
343,65.7,Female,12,Non-carrier,NA,time_6,0.10834610700000001
343,65.7,Female,12,Non-carrier,NA,time_8,0.109229455
344,64.1,Male,12,Carrier,NA,baseline,0.10449377700000002
344,64.1,Male,12,Carrier,NA,time_2,0.111410573
344,64.1,Male,12,Carrier,NA,time_4,0.105177412
344,64.1,Male,12,Carrier,NA,time_6,0.10413952400000001
344,64.1,Male,12,Carrier,NA,time_8,0.10967417800000001
345,58.2,Male,18,Non-carrier,NA,baseline,0.11650004300000001
345,58.2,Male,18,Non-carrier,NA,time_2,0.11281317
345,58.2,Male,18,Non-carrier,NA,time_4,0.112476877
345,58.2,Male,18,Non-carrier,NA,time_6,0.11478647500000001
345,58.2,Male,18,Non-carrier,NA,time_8,NA
346,60.8,Male,16,Carrier,NA,baseline,0.110422587
346,60.8,Male,16,Carrier,NA,time_2,0.108413615
346,60.8,Male,16,Carrier,NA,time_4,0.108349732
346,60.8,Male,16,Carrier,NA,time_6,0.10951188499999999
346,60.8,Male,16,Carrier,NA,time_8,NA
347,67.7,Male,16,Carrier,68.9,baseline,0.106142357
347,67.7,Male,16,Carrier,68.9,time_2,0.10540468400000001
347,67.7,Male,16,Carrier,68.9,time_4,0.106038639
347,67.7,Male,16,Carrier,68.9,time_6,0.10479860700000002
347,67.7,Male,16,Carrier,68.9,time_8,0.10253975100000001
348,64.4,Male,16,Carrier,70.4,baseline,0.10895357200000001
348,64.4,Male,16,Carrier,70.4,time_2,0.10910886099999999
348,64.4,Male,16,Carrier,70.4,time_4,0.10913821
348,64.4,Male,16,Carrier,70.4,time_6,0.11105589899999999
348,64.4,Male,16,Carrier,70.4,time_8,0.11166461200000001
349,67.4,Female,18,Carrier,70,baseline,0.108418448
349,67.4,Female,18,Carrier,70,time_2,NA
349,67.4,Female,18,Carrier,70,time_4,0.10711698200000001
349,67.4,Female,18,Carrier,70,time_6,0.101918841
349,67.4,Female,18,Carrier,70,time_8,NA
350,70.7,Female,16,Carrier,75.2,baseline,0.10444809799999999
350,70.7,Female,16,Carrier,75.2,time_2,0.106251499
350,70.7,Female,16,Carrier,75.2,time_4,0.10910554600000001
350,70.7,Female,16,Carrier,75.2,time_6,0.105341362
350,70.7,Female,16,Carrier,75.2,time_8,0.10266604900000002
351,69.4,Male,16,Carrier,76.6,baseline,0.109113066
351,69.4,Male,16,Carrier,76.6,time_2,0.110681827
351,69.4,Male,16,Carrier,76.6,time_4,0.10462291200000001
351,69.4,Male,16,Carrier,76.6,time_6,0.107114993
351,69.4,Male,16,Carrier,76.6,time_8,0.10775628000000002
352,67,Male,16,Carrier,69.3,baseline,0.10734791499999999
352,67,Male,16,Carrier,69.3,time_2,0.10899725900000001
352,67,Male,16,Carrier,69.3,time_4,0.106503869
352,67,Male,16,Carrier,69.3,time_6,0.10561965400000001
352,67,Male,16,Carrier,69.3,time_8,NA
353,66.1,Male,16,Non-carrier,NA,baseline,0.11176335300000001
353,66.1,Male,16,Non-carrier,NA,time_2,NA
353,66.1,Male,16,Non-carrier,NA,time_4,0.109917251
353,66.1,Male,16,Non-carrier,NA,time_6,0.10825817600000001
353,66.1,Male,16,Non-carrier,NA,time_8,0.10479402400000003
354,64.4,Male,20,Carrier,NA,baseline,0.10779132200000002
354,64.4,Male,20,Carrier,NA,time_2,0.112454752
354,64.4,Male,20,Carrier,NA,time_4,0.10789639000000001
354,64.4,Male,20,Carrier,NA,time_6,0.104688733
354,64.4,Male,20,Carrier,NA,time_8,NA
355,69.7,Male,16,Carrier,75.3,baseline,0.10467521700000001
355,69.7,Male,16,Carrier,75.3,time_2,NA
355,69.7,Male,16,Carrier,75.3,time_4,0.10834064200000001
355,69.7,Male,16,Carrier,75.3,time_6,NA
355,69.7,Male,16,Carrier,75.3,time_8,0.10574163100000002
356,66.8,Female,20,Non-carrier,NA,baseline,0.10937910499999999
356,66.8,Female,20,Non-carrier,NA,time_2,0.10696543300000001
356,66.8,Female,20,Non-carrier,NA,time_4,0.10815293000000001
356,66.8,Female,20,Non-carrier,NA,time_6,0.10707294600000002
356,66.8,Female,20,Non-carrier,NA,time_8,0.10613563800000002
357,61.5,Female,20,Non-carrier,NA,baseline,0.11249416400000001
357,61.5,Female,20,Non-carrier,NA,time_2,0.11410471000000001
357,61.5,Female,20,Non-carrier,NA,time_4,0.111288572
357,61.5,Female,20,Non-carrier,NA,time_6,0.10614272600000002
357,61.5,Female,20,Non-carrier,NA,time_8,0.11410877900000001
358,64.5,Male,12,Carrier,NA,baseline,0.111928654
358,64.5,Male,12,Carrier,NA,time_2,0.11403877800000001
358,64.5,Male,12,Carrier,NA,time_4,0.10749475100000003
358,64.5,Male,12,Carrier,NA,time_6,NA
358,64.5,Male,12,Carrier,NA,time_8,0.10722286900000001
359,59.2,Male,18,Non-carrier,NA,baseline,0.11360027300000002
359,59.2,Male,18,Non-carrier,NA,time_2,0.111886881
359,59.2,Male,18,Non-carrier,NA,time_4,0.109824882
359,59.2,Male,18,Non-carrier,NA,time_6,0.11476306100000001
359,59.2,Male,18,Non-carrier,NA,time_8,0.11466476400000002
360,64.4,Female,18,Non-carrier,NA,baseline,0.11414105100000001
360,64.4,Female,18,Non-carrier,NA,time_2,NA
360,64.4,Female,18,Non-carrier,NA,time_4,0.110864882
360,64.4,Female,18,Non-carrier,NA,time_6,0.110135116
360,64.4,Female,18,Non-carrier,NA,time_8,0.113347124
361,57.2,Female,18,Carrier,NA,baseline,0.109644487
361,57.2,Female,18,Carrier,NA,time_2,0.10848668000000002
361,57.2,Female,18,Carrier,NA,time_4,0.110209973
361,57.2,Female,18,Carrier,NA,time_6,NA
361,57.2,Female,18,Carrier,NA,time_8,0.10528468100000002
362,68.9,Female,16,Non-carrier,NA,baseline,0.10810655600000002
362,68.9,Female,16,Non-carrier,NA,time_2,0.110510273
362,68.9,Female,16,Non-carrier,NA,time_4,0.112962497
362,68.9,Female,16,Non-carrier,NA,time_6,0.11152312400000002
362,68.9,Female,16,Non-carrier,NA,time_8,0.10510337600000001
363,63.1,Male,20,Non-carrier,NA,baseline,0.11352229500000001
363,63.1,Male,20,Non-carrier,NA,time_2,0.11710764400000001
363,63.1,Male,20,Non-carrier,NA,time_4,0.11496600800000001
363,63.1,Male,20,Non-carrier,NA,time_6,0.113233396
363,63.1,Male,20,Non-carrier,NA,time_8,0.110902281
364,63.7,Male,18,Non-carrier,NA,baseline,0.11571362800000001
364,63.7,Male,18,Non-carrier,NA,time_2,0.11470875400000001
364,63.7,Male,18,Non-carrier,NA,time_4,0.111139421
364,63.7,Male,18,Non-carrier,NA,time_6,0.109152422
364,63.7,Male,18,Non-carrier,NA,time_8,0.109602494
365,64.5,Female,16,Non-carrier,67.7,baseline,0.10836815500000001
365,64.5,Female,16,Non-carrier,67.7,time_2,0.11282099
365,64.5,Female,16,Non-carrier,67.7,time_4,0.10970017700000001
365,64.5,Female,16,Non-carrier,67.7,time_6,0.10366469500000002
365,64.5,Female,16,Non-carrier,67.7,time_8,0.10499513100000002
366,66.8,Male,16,Carrier,72.8,baseline,0.10940746799999998
366,66.8,Male,16,Carrier,72.8,time_2,0.110142355
366,66.8,Male,16,Carrier,72.8,time_4,0.108078589
366,66.8,Male,16,Carrier,72.8,time_6,0.10422347400000002
366,66.8,Male,16,Carrier,72.8,time_8,0.10378498500000001
367,67,Female,16,Non-carrier,NA,baseline,0.117689024
367,67,Female,16,Non-carrier,NA,time_2,0.113237952
367,67,Female,16,Non-carrier,NA,time_4,0.11007989099999999
367,67,Female,16,Non-carrier,NA,time_6,0.108484313
367,67,Female,16,Non-carrier,NA,time_8,0.107956096
368,66.7,Male,16,Non-carrier,NA,baseline,0.11368719399999999
368,66.7,Male,16,Non-carrier,NA,time_2,0.11075241
368,66.7,Male,16,Non-carrier,NA,time_4,0.109373128
368,66.7,Male,16,Non-carrier,NA,time_6,0.10930735399999998
368,66.7,Male,16,Non-carrier,NA,time_8,0.109312173
369,63.3,Male,18,Carrier,68.6,baseline,0.111860082
369,63.3,Male,18,Carrier,68.6,time_2,0.10436215900000001
369,63.3,Male,18,Carrier,68.6,time_4,0.112709888
369,63.3,Male,18,Carrier,68.6,time_6,0.107915913
369,63.3,Male,18,Carrier,68.6,time_8,0.10713143200000001
370,60.9,Female,16,Carrier,NA,baseline,0.110829401
370,60.9,Female,16,Carrier,NA,time_2,0.10733720000000001
370,60.9,Female,16,Carrier,NA,time_4,0.10570543300000002
370,60.9,Female,16,Carrier,NA,time_6,0.105315475
370,60.9,Female,16,Carrier,NA,time_8,0.10802802100000002
371,63.8,Male,12,Carrier,NA,baseline,0.11094536099999999
371,63.8,Male,12,Carrier,NA,time_2,0.10628823100000001
371,63.8,Male,12,Carrier,NA,time_4,0.108039492
371,63.8,Male,12,Carrier,NA,time_6,0.104458211
371,63.8,Male,12,Carrier,NA,time_8,0.10778224000000003
372,65.8,Male,16,Non-carrier,NA,baseline,0.11106801599999999
372,65.8,Male,16,Non-carrier,NA,time_2,0.109760332
372,65.8,Male,16,Non-carrier,NA,time_4,0.111484023
372,65.8,Male,16,Non-carrier,NA,time_6,0.11274092100000001
372,65.8,Male,16,Non-carrier,NA,time_8,0.10590460300000001
373,62.5,Male,16,Non-carrier,66,baseline,0.11218911
373,62.5,Male,16,Non-carrier,66,time_2,0.117060394
373,62.5,Male,16,Non-carrier,66,time_4,0.11307781099999999
373,62.5,Male,16,Non-carrier,66,time_6,0.11641151599999999
373,62.5,Male,16,Non-carrier,66,time_8,0.10614134600000001
374,64.8,Male,18,Non-carrier,NA,baseline,0.112892498
374,64.8,Male,18,Non-carrier,NA,time_2,0.109846788
374,64.8,Male,18,Non-carrier,NA,time_4,0.11388343
374,64.8,Male,18,Non-carrier,NA,time_6,0.113533418
374,64.8,Male,18,Non-carrier,NA,time_8,0.110892797
375,61.5,Female,16,Non-carrier,NA,baseline,0.116373615
375,61.5,Female,16,Non-carrier,NA,time_2,0.11404504700000001
375,61.5,Female,16,Non-carrier,NA,time_4,0.10802928200000002
375,61.5,Female,16,Non-carrier,NA,time_6,0.109944121
375,61.5,Female,16,Non-carrier,NA,time_8,NA
376,65,Female,16,Non-carrier,NA,baseline,0.10634881899999998
376,65,Female,16,Non-carrier,NA,time_2,NA
376,65,Female,16,Non-carrier,NA,time_4,0.109070689
376,65,Female,16,Non-carrier,NA,time_6,0.108450194
376,65,Female,16,Non-carrier,NA,time_8,0.106333398
377,65.4,Female,16,Carrier,68.2,baseline,0.108737385
377,65.4,Female,16,Carrier,68.2,time_2,0.107877634
377,65.4,Female,16,Carrier,68.2,time_4,0.10752821500000001
377,65.4,Female,16,Carrier,68.2,time_6,0.10578355100000002
377,65.4,Female,16,Carrier,68.2,time_8,0.10467651300000001
378,64.6,Female,16,Carrier,NA,baseline,0.109343275
378,64.6,Female,16,Carrier,NA,time_2,0.10616494100000003
378,64.6,Female,16,Carrier,NA,time_4,0.10911387
378,64.6,Female,16,Carrier,NA,time_6,0.108618298
378,64.6,Female,16,Carrier,NA,time_8,0.10579480300000002
379,64.5,Male,16,Non-carrier,70.9,baseline,0.112029532
379,64.5,Male,16,Non-carrier,70.9,time_2,0.112141415
379,64.5,Male,16,Non-carrier,70.9,time_4,NA
379,64.5,Male,16,Non-carrier,70.9,time_6,0.10948951699999998
379,64.5,Male,16,Non-carrier,70.9,time_8,0.111288052
381,67.3,Female,16,Carrier,NA,baseline,0.105097823
381,67.3,Female,16,Carrier,NA,time_2,0.10577818500000001
381,67.3,Female,16,Carrier,NA,time_4,0.105547155
381,67.3,Female,16,Carrier,NA,time_6,0.107949234
381,67.3,Female,16,Carrier,NA,time_8,NA
382,68.3,Female,20,Non-carrier,NA,baseline,0.110064878
382,68.3,Female,20,Non-carrier,NA,time_2,0.10805192400000001
382,68.3,Female,20,Non-carrier,NA,time_4,0.11005051699999999
382,68.3,Female,20,Non-carrier,NA,time_6,NA
382,68.3,Female,20,Non-carrier,NA,time_8,0.10222552600000002
383,62.2,Male,18,Non-carrier,NA,baseline,0.11560731899999999
383,62.2,Male,18,Non-carrier,NA,time_2,0.11382344600000001
383,62.2,Male,18,Non-carrier,NA,time_4,NA
383,62.2,Male,18,Non-carrier,NA,time_6,0.111752933
383,62.2,Male,18,Non-carrier,NA,time_8,0.109090812
384,65.5,Male,16,Non-carrier,NA,baseline,0.11696107300000001
384,65.5,Male,16,Non-carrier,NA,time_2,0.111892878
384,65.5,Male,16,Non-carrier,NA,time_4,0.11409357700000002
384,65.5,Male,16,Non-carrier,NA,time_6,0.113339185
384,65.5,Male,16,Non-carrier,NA,time_8,0.10809469500000002
385,68.5,Male,20,Non-carrier,NA,baseline,0.109777183
385,68.5,Male,20,Non-carrier,NA,time_2,0.11124558000000001
385,68.5,Male,20,Non-carrier,NA,time_4,0.109140882
385,68.5,Male,20,Non-carrier,NA,time_6,0.111784382
385,68.5,Male,20,Non-carrier,NA,time_8,0.109038636
386,64.8,Male,16,Carrier,NA,baseline,0.11034442
386,64.8,Male,16,Carrier,NA,time_2,0.10479554000000003
386,64.8,Male,16,Carrier,NA,time_4,0.106479322
386,64.8,Male,16,Carrier,NA,time_6,0.107866499
386,64.8,Male,16,Carrier,NA,time_8,0.10755417100000002
387,58.6,Male,16,Carrier,NA,baseline,0.10915156799999999
387,58.6,Male,16,Carrier,NA,time_2,0.11066458700000001
387,58.6,Male,16,Carrier,NA,time_4,0.109132555
387,58.6,Male,16,Carrier,NA,time_6,0.111064613
387,58.6,Male,16,Carrier,NA,time_8,NA
388,66,Female,16,Non-carrier,NA,baseline,0.111076193
388,66,Female,16,Non-carrier,NA,time_2,0.11281999299999998
388,66,Female,16,Non-carrier,NA,time_4,0.109345677
388,66,Female,16,Non-carrier,NA,time_6,0.10923332300000001
388,66,Female,16,Non-carrier,NA,time_8,0.108428963
390,62.6,Female,16,Non-carrier,NA,baseline,0.111920365
390,62.6,Female,16,Non-carrier,NA,time_2,0.11398381899999999
390,62.6,Female,16,Non-carrier,NA,time_4,NA
390,62.6,Female,16,Non-carrier,NA,time_6,0.10946749199999999
390,62.6,Female,16,Non-carrier,NA,time_8,0.11030865699999999
391,69,Female,18,Non-carrier,NA,baseline,0.10836807000000001
391,69,Female,18,Non-carrier,NA,time_2,0.108527408
391,69,Female,18,Non-carrier,NA,time_4,0.10372459100000002
391,69,Female,18,Non-carrier,NA,time_6,0.10642593300000001
391,69,Female,18,Non-carrier,NA,time_8,0.108418488
392,66.8,Male,16,Non-carrier,NA,baseline,0.11684325400000001
392,66.8,Male,16,Non-carrier,NA,time_2,0.10676401600000002
392,66.8,Male,16,Non-carrier,NA,time_4,0.11088881499999997
392,66.8,Male,16,Non-carrier,NA,time_6,0.10822614600000004
392,66.8,Male,16,Non-carrier,NA,time_8,0.108759893
393,68.3,Male,12,Non-carrier,NA,baseline,0.113067002
393,68.3,Male,12,Non-carrier,NA,time_2,0.10851198100000001
393,68.3,Male,12,Non-carrier,NA,time_4,0.10798371100000001
393,68.3,Male,12,Non-carrier,NA,time_6,NA
393,68.3,Male,12,Non-carrier,NA,time_8,0.10548462700000001
394,65.9,Female,16,Non-carrier,NA,baseline,0.10751975400000001
394,65.9,Female,16,Non-carrier,NA,time_2,0.109540134
394,65.9,Female,16,Non-carrier,NA,time_4,0.10890579200000002
394,65.9,Female,16,Non-carrier,NA,time_6,0.105652384
394,65.9,Female,16,Non-carrier,NA,time_8,0.10604638000000001
395,64.7,Female,12,Non-carrier,NA,baseline,0.111582619
395,64.7,Female,12,Non-carrier,NA,time_2,0.10779194100000003
395,64.7,Female,12,Non-carrier,NA,time_4,0.11319155900000001
395,64.7,Female,12,Non-carrier,NA,time_6,0.105054008
395,64.7,Female,12,Non-carrier,NA,time_8,0.10667904700000001
396,62.2,Male,18,Non-carrier,NA,baseline,0.113999488
396,62.2,Male,18,Non-carrier,NA,time_2,0.110374196
396,62.2,Male,18,Non-carrier,NA,time_4,0.11158841499999998
396,62.2,Male,18,Non-carrier,NA,time_6,0.10955101199999999
396,62.2,Male,18,Non-carrier,NA,time_8,0.112205359
397,69.8,Female,16,Non-carrier,NA,baseline,0.11076329300000001
397,69.8,Female,16,Non-carrier,NA,time_2,0.11086958
397,69.8,Female,16,Non-carrier,NA,time_4,0.109251204
397,69.8,Female,16,Non-carrier,NA,time_6,0.112401154
397,69.8,Female,16,Non-carrier,NA,time_8,0.107010352
398,65.1,Female,16,Non-carrier,73,baseline,0.11177657800000002
398,65.1,Female,16,Non-carrier,73,time_2,0.107324817
398,65.1,Female,16,Non-carrier,73,time_4,NA
398,65.1,Female,16,Non-carrier,73,time_6,0.111445759
398,65.1,Female,16,Non-carrier,73,time_8,0.10883055500000001
399,62.9,Male,18,Non-carrier,NA,baseline,0.11712194300000002
399,62.9,Male,18,Non-carrier,NA,time_2,0.11711734
399,62.9,Male,18,Non-carrier,NA,time_4,0.11008984999999999
399,62.9,Male,18,Non-carrier,NA,time_6,0.106788506
399,62.9,Male,18,Non-carrier,NA,time_8,0.113044637
400,67.6,Female,16,Non-carrier,71.9,baseline,0.11469275100000002
400,67.6,Female,16,Non-carrier,71.9,time_2,0.112106311
400,67.6,Female,16,Non-carrier,71.9,time_4,NA
400,67.6,Female,16,Non-carrier,71.9,time_6,0.10842687700000002
400,67.6,Female,16,Non-carrier,71.9,time_8,0.107638328
401,68.2,Male,20,Non-carrier,NA,baseline,0.112569102
401,68.2,Male,20,Non-carrier,NA,time_2,0.111576061
401,68.2,Male,20,Non-carrier,NA,time_4,0.108709817
401,68.2,Male,20,Non-carrier,NA,time_6,0.108169892
401,68.2,Male,20,Non-carrier,NA,time_8,0.109443157
402,70.7,Female,16,Non-carrier,NA,baseline,0.10793257500000002
402,70.7,Female,16,Non-carrier,NA,time_2,0.10995589699999998
402,70.7,Female,16,Non-carrier,NA,time_4,0.109138644
402,70.7,Female,16,Non-carrier,NA,time_6,0.10643652800000002
402,70.7,Female,16,Non-carrier,NA,time_8,0.10643378300000002
403,63.2,Female,16,Carrier,NA,baseline,0.10871693300000002
403,63.2,Female,16,Carrier,NA,time_2,0.112528009
403,63.2,Female,16,Carrier,NA,time_4,0.10571894700000001
403,63.2,Female,16,Carrier,NA,time_6,0.10551468100000001
403,63.2,Female,16,Carrier,NA,time_8,0.10967139199999999
404,63.8,Male,20,Carrier,NA,baseline,0.10622370100000003
404,63.8,Male,20,Carrier,NA,time_2,0.11141435699999999
404,63.8,Male,20,Carrier,NA,time_4,0.104911411
404,63.8,Male,20,Carrier,NA,time_6,NA
404,63.8,Male,20,Carrier,NA,time_8,NA
405,63.8,Male,18,Non-carrier,NA,baseline,0.112091811
405,63.8,Male,18,Non-carrier,NA,time_2,0.110110034
405,63.8,Male,18,Non-carrier,NA,time_4,0.11235941699999998
405,63.8,Male,18,Non-carrier,NA,time_6,0.10680938999999999
405,63.8,Male,18,Non-carrier,NA,time_8,0.11045037899999999
406,63.9,Female,16,Non-carrier,NA,baseline,0.110644536
406,63.9,Female,16,Non-carrier,NA,time_2,0.113750326
406,63.9,Female,16,Non-carrier,NA,time_4,0.11378513900000001
406,63.9,Female,16,Non-carrier,NA,time_6,0.108150086
406,63.9,Female,16,Non-carrier,NA,time_8,0.10853775100000002
407,63.9,Male,16,Non-carrier,NA,baseline,0.11315333699999999
407,63.9,Male,16,Non-carrier,NA,time_2,0.11463597100000002
407,63.9,Male,16,Non-carrier,NA,time_4,0.11443170700000001
407,63.9,Male,16,Non-carrier,NA,time_6,0.1137278
407,63.9,Male,16,Non-carrier,NA,time_8,0.109429577
408,64.1,Male,20,Carrier,70.2,baseline,0.110779441
408,64.1,Male,20,Carrier,70.2,time_2,0.11081594
408,64.1,Male,20,Carrier,70.2,time_4,0.111759647
408,64.1,Male,20,Carrier,70.2,time_6,0.10560759
408,64.1,Male,20,Carrier,70.2,time_8,0.11096394000000001
409,69.3,Male,16,Carrier,75.2,baseline,0.109306118
409,69.3,Male,16,Carrier,75.2,time_2,0.109355444
409,69.3,Male,16,Carrier,75.2,time_4,0.10420330500000001
409,69.3,Male,16,Carrier,75.2,time_6,0.104801719
409,69.3,Male,16,Carrier,75.2,time_8,0.10439262500000002
410,62.9,Male,16,Non-carrier,NA,baseline,0.11147549799999999
410,62.9,Male,16,Non-carrier,NA,time_2,NA
410,62.9,Male,16,Non-carrier,NA,time_4,0.10934428
410,62.9,Male,16,Non-carrier,NA,time_6,0.111442617
410,62.9,Male,16,Non-carrier,NA,time_8,NA
411,63.8,Male,16,Carrier,NA,baseline,0.10826737000000002
411,63.8,Male,16,Carrier,NA,time_2,0.104959222
411,63.8,Male,16,Carrier,NA,time_4,0.10932354600000001
411,63.8,Male,16,Carrier,NA,time_6,0.108688383
411,63.8,Male,16,Carrier,NA,time_8,0.10807520900000002
413,68.4,Male,20,Non-carrier,NA,baseline,0.10872374400000004
413,68.4,Male,20,Non-carrier,NA,time_2,0.111658125
413,68.4,Male,20,Non-carrier,NA,time_4,0.108361884
413,68.4,Male,20,Non-carrier,NA,time_6,0.109812625
413,68.4,Male,20,Non-carrier,NA,time_8,0.10839914900000001
414,62.7,Female,16,Non-carrier,NA,baseline,0.11215929699999999
414,62.7,Female,16,Non-carrier,NA,time_2,NA
414,62.7,Female,16,Non-carrier,NA,time_4,0.110668669
414,62.7,Female,16,Non-carrier,NA,time_6,0.109035478
414,62.7,Female,16,Non-carrier,NA,time_8,0.10767492500000002
415,63.5,Male,18,Non-carrier,NA,baseline,0.112331985
415,63.5,Male,18,Non-carrier,NA,time_2,0.11120824100000001
415,63.5,Male,18,Non-carrier,NA,time_4,0.113835848
415,63.5,Male,18,Non-carrier,NA,time_6,0.11118711099999999
415,63.5,Male,18,Non-carrier,NA,time_8,0.109214307
416,66.6,Female,16,Non-carrier,68.9,baseline,0.111767429
416,66.6,Female,16,Non-carrier,68.9,time_2,0.10902428100000001
416,66.6,Female,16,Non-carrier,68.9,time_4,0.113209208
416,66.6,Female,16,Non-carrier,68.9,time_6,0.105000017
416,66.6,Female,16,Non-carrier,68.9,time_8,0.10602198500000001
417,68.1,Female,16,Carrier,72.5,baseline,0.109277104
417,68.1,Female,16,Carrier,72.5,time_2,0.10508806
417,68.1,Female,16,Carrier,72.5,time_4,0.10536037100000001
417,68.1,Female,16,Carrier,72.5,time_6,0.105517925
417,68.1,Female,16,Carrier,72.5,time_8,0.10132809
418,64.2,Male,12,Carrier,NA,baseline,0.11162232000000001
418,64.2,Male,12,Carrier,NA,time_2,NA
418,64.2,Male,12,Carrier,NA,time_4,0.10760553200000002
418,64.2,Male,12,Carrier,NA,time_6,0.10396487400000001
418,64.2,Male,12,Carrier,NA,time_8,0.105055193
419,60.7,Female,16,Carrier,63.8,baseline,0.11464414600000002
419,60.7,Female,16,Carrier,63.8,time_2,0.10824359200000001
419,60.7,Female,16,Carrier,63.8,time_4,0.112268963
419,60.7,Female,16,Carrier,63.8,time_6,0.106069914
419,60.7,Female,16,Carrier,63.8,time_8,0.10415295000000001
420,70.1,Male,16,Non-carrier,NA,baseline,0.10960311
420,70.1,Male,16,Non-carrier,NA,time_2,0.111670212
420,70.1,Male,16,Non-carrier,NA,time_4,0.10741260700000001
420,70.1,Male,16,Non-carrier,NA,time_6,0.11071514100000002
420,70.1,Male,16,Non-carrier,NA,time_8,NA
421,69.3,Female,16,Non-carrier,NA,baseline,0.11379934200000001
421,69.3,Female,16,Non-carrier,NA,time_2,0.10750694300000002
421,69.3,Female,16,Non-carrier,NA,time_4,0.105009479
421,69.3,Female,16,Non-carrier,NA,time_6,0.111238236
421,69.3,Female,16,Non-carrier,NA,time_8,0.108845336
422,62.9,Female,12,Carrier,NA,baseline,0.10667655500000002
422,62.9,Female,12,Carrier,NA,time_2,0.10554153200000001
422,62.9,Female,12,Carrier,NA,time_4,0.107451301
422,62.9,Female,12,Carrier,NA,time_6,0.108318444
422,62.9,Female,12,Carrier,NA,time_8,0.105647539
423,64.8,Female,16,Carrier,70.3,baseline,0.10811870500000001
423,64.8,Female,16,Carrier,70.3,time_2,0.10779686200000002
423,64.8,Female,16,Carrier,70.3,time_4,0.10798628200000002
423,64.8,Female,16,Carrier,70.3,time_6,0.103578995
423,64.8,Female,16,Carrier,70.3,time_8,0.11011534
424,59.7,Male,18,Carrier,62.9,baseline,0.107988193
424,59.7,Male,18,Carrier,62.9,time_2,0.10727975000000002
424,59.7,Male,18,Carrier,62.9,time_4,NA
424,59.7,Male,18,Carrier,62.9,time_6,0.10782010900000001
424,59.7,Male,18,Carrier,62.9,time_8,0.107154515
425,66.7,Male,16,Non-carrier,NA,baseline,0.111313214
425,66.7,Male,16,Non-carrier,NA,time_2,0.11099165300000001
425,66.7,Male,16,Non-carrier,NA,time_4,0.110098963
425,66.7,Male,16,Non-carrier,NA,time_6,0.111583618
425,66.7,Male,16,Non-carrier,NA,time_8,0.10891314700000002
426,69.8,Male,16,Non-carrier,76.8,baseline,0.11031006199999999
426,69.8,Male,16,Non-carrier,76.8,time_2,0.10662619400000002
426,69.8,Male,16,Non-carrier,76.8,time_4,0.105759193
426,69.8,Male,16,Non-carrier,76.8,time_6,0.10803978700000001
426,69.8,Male,16,Non-carrier,76.8,time_8,0.105913739
427,60.1,Male,12,Non-carrier,NA,baseline,0.11018386499999999
427,60.1,Male,12,Non-carrier,NA,time_2,0.109537729
427,60.1,Male,12,Non-carrier,NA,time_4,0.11442332200000001
427,60.1,Male,12,Non-carrier,NA,time_6,0.11234487
427,60.1,Male,12,Non-carrier,NA,time_8,NA
428,62.7,Male,18,Non-carrier,NA,baseline,0.10959327500000002
428,62.7,Male,18,Non-carrier,NA,time_2,0.11111425400000001
428,62.7,Male,18,Non-carrier,NA,time_4,0.11170622400000002
428,62.7,Male,18,Non-carrier,NA,time_6,0.109712911
428,62.7,Male,18,Non-carrier,NA,time_8,0.11088606699999999
429,63.1,Male,16,Carrier,NA,baseline,0.10860544000000003
429,63.1,Male,16,Carrier,NA,time_2,0.11226330600000001
429,63.1,Male,16,Carrier,NA,time_4,0.10961454000000001
429,63.1,Male,16,Carrier,NA,time_6,0.10704563400000001
429,63.1,Male,16,Carrier,NA,time_8,0.10809023400000002
430,63,Female,20,Non-carrier,NA,baseline,0.111110976
430,63,Female,20,Non-carrier,NA,time_2,0.11376942100000001
430,63,Female,20,Non-carrier,NA,time_4,0.11303434600000001
430,63,Female,20,Non-carrier,NA,time_6,NA
430,63,Female,20,Non-carrier,NA,time_8,NA
431,58.9,Male,16,Carrier,61.2,baseline,0.117180111
431,58.9,Male,16,Carrier,61.2,time_2,0.110687702
431,58.9,Male,16,Carrier,61.2,time_4,0.10713399600000001
431,58.9,Male,16,Carrier,61.2,time_6,0.10872562000000004
431,58.9,Male,16,Carrier,61.2,time_8,0.10679955200000002
432,66.5,Female,16,Non-carrier,NA,baseline,0.10543651000000001
432,66.5,Female,16,Non-carrier,NA,time_2,0.110921688
432,66.5,Female,16,Non-carrier,NA,time_4,NA
432,66.5,Female,16,Non-carrier,NA,time_6,0.10802054500000002
432,66.5,Female,16,Non-carrier,NA,time_8,0.110984951
433,60.4,Male,12,Carrier,NA,baseline,0.11095067
433,60.4,Male,12,Carrier,NA,time_2,0.11241040599999999
433,60.4,Male,12,Carrier,NA,time_4,0.109277554
433,60.4,Male,12,Carrier,NA,time_6,0.10890384100000002
433,60.4,Male,12,Carrier,NA,time_8,0.106948706
434,64.9,Male,16,Non-carrier,NA,baseline,0.11457476200000001
434,64.9,Male,16,Non-carrier,NA,time_2,0.110975001
434,64.9,Male,16,Non-carrier,NA,time_4,0.11584769599999999
434,64.9,Male,16,Non-carrier,NA,time_6,0.10955233599999999
434,64.9,Male,16,Non-carrier,NA,time_8,0.10846876200000001
435,66.8,Female,16,Non-carrier,NA,baseline,0.109042458
435,66.8,Female,16,Non-carrier,NA,time_2,0.110343846
435,66.8,Female,16,Non-carrier,NA,time_4,0.11135989699999997
435,66.8,Female,16,Non-carrier,NA,time_6,0.11191630699999999
435,66.8,Female,16,Non-carrier,NA,time_8,0.109640853
436,64.4,Male,12,Carrier,NA,baseline,0.10451420700000001
436,64.4,Male,12,Carrier,NA,time_2,0.110257977
436,64.4,Male,12,Carrier,NA,time_4,0.111416661
436,64.4,Male,12,Carrier,NA,time_6,0.10808594500000002
436,64.4,Male,12,Carrier,NA,time_8,0.10012247000000002
437,67.7,Female,18,Carrier,NA,baseline,0.10813591600000001
437,67.7,Female,18,Carrier,NA,time_2,0.10525545100000001
437,67.7,Female,18,Carrier,NA,time_4,NA
437,67.7,Female,18,Carrier,NA,time_6,0.10339250900000001
437,67.7,Female,18,Carrier,NA,time_8,0.103583169
438,64.9,Female,16,Non-carrier,NA,baseline,0.111720018
438,64.9,Female,16,Non-carrier,NA,time_2,0.10778923100000001
438,64.9,Female,16,Non-carrier,NA,time_4,0.11042367000000002
438,64.9,Female,16,Non-carrier,NA,time_6,0.10822334400000003
438,64.9,Female,16,Non-carrier,NA,time_8,0.10967436
439,63.1,Female,16,Non-carrier,NA,baseline,0.10927012500000001
439,63.1,Female,16,Non-carrier,NA,time_2,NA
439,63.1,Female,16,Non-carrier,NA,time_4,0.11077678900000001
439,63.1,Female,16,Non-carrier,NA,time_6,0.10317360700000001
439,63.1,Female,16,Non-carrier,NA,time_8,0.10727302200000002
440,66.9,Male,16,Carrier,72.3,baseline,0.108088699
440,66.9,Male,16,Carrier,72.3,time_2,0.10864704000000001
440,66.9,Male,16,Carrier,72.3,time_4,0.108510511
440,66.9,Male,16,Carrier,72.3,time_6,NA
440,66.9,Male,16,Carrier,72.3,time_8,0.103824334
441,63.7,Female,18,Non-carrier,NA,baseline,0.113751765
441,63.7,Female,18,Non-carrier,NA,time_2,NA
441,63.7,Female,18,Non-carrier,NA,time_4,0.109578073
441,63.7,Female,18,Non-carrier,NA,time_6,NA
441,63.7,Female,18,Non-carrier,NA,time_8,0.109615973
442,70.3,Male,18,Non-carrier,71.3,baseline,0.10794615400000002
442,70.3,Male,18,Non-carrier,71.3,time_2,0.11416156200000001
442,70.3,Male,18,Non-carrier,71.3,time_4,0.1105537
442,70.3,Male,18,Non-carrier,71.3,time_6,0.10645462900000001
442,70.3,Male,18,Non-carrier,71.3,time_8,0.103088929
443,64.9,Male,20,Carrier,NA,baseline,0.10722303000000002
443,64.9,Male,20,Carrier,NA,time_2,0.10833210300000001
443,64.9,Male,20,Carrier,NA,time_4,0.10261547200000001
443,64.9,Male,20,Carrier,NA,time_6,0.10599579600000002
443,64.9,Male,20,Carrier,NA,time_8,0.10901351
444,67.6,Female,16,Non-carrier,NA,baseline,0.113098331
444,67.6,Female,16,Non-carrier,NA,time_2,0.10934451499999999
444,67.6,Female,16,Non-carrier,NA,time_4,0.109770461
444,67.6,Female,16,Non-carrier,NA,time_6,0.10656445800000001
444,67.6,Female,16,Non-carrier,NA,time_8,0.10628592400000002
445,65.6,Female,16,Non-carrier,NA,baseline,0.110213517
445,65.6,Female,16,Non-carrier,NA,time_2,0.11216476800000001
445,65.6,Female,16,Non-carrier,NA,time_4,0.111268016
445,65.6,Female,16,Non-carrier,NA,time_6,0.108200866
445,65.6,Female,16,Non-carrier,NA,time_8,0.110846192
446,56,Male,16,Carrier,NA,baseline,0.10625577800000002
446,56,Male,16,Carrier,NA,time_2,0.110742988
446,56,Male,16,Carrier,NA,time_4,0.11376656300000001
446,56,Male,16,Carrier,NA,time_6,0.113627495
446,56,Male,16,Carrier,NA,time_8,0.111382255
447,60.9,Male,16,Non-carrier,NA,baseline,0.11419391500000001
447,60.9,Male,16,Non-carrier,NA,time_2,0.113647613
447,60.9,Male,16,Non-carrier,NA,time_4,0.111391413
447,60.9,Male,16,Non-carrier,NA,time_6,0.109293994
447,60.9,Male,16,Non-carrier,NA,time_8,0.109824567
448,63.7,Male,12,Carrier,68.5,baseline,0.10925818799999999
448,63.7,Male,12,Carrier,68.5,time_2,0.105841078
448,63.7,Male,12,Carrier,68.5,time_4,0.10774764100000002
448,63.7,Male,12,Carrier,68.5,time_6,NA
448,63.7,Male,12,Carrier,68.5,time_8,0.10382381
449,65.7,Male,16,Carrier,69.6,baseline,0.10610807600000001
449,65.7,Male,16,Carrier,69.6,time_2,0.10694623800000001
449,65.7,Male,16,Carrier,69.6,time_4,0.109820109
449,65.7,Male,16,Carrier,69.6,time_6,NA
449,65.7,Male,16,Carrier,69.6,time_8,0.10811514600000002
450,58,Female,16,Non-carrier,NA,baseline,0.11087139199999999
450,58,Female,16,Non-carrier,NA,time_2,0.11233316
450,58,Female,16,Non-carrier,NA,time_4,0.110993465
450,58,Female,16,Non-carrier,NA,time_6,0.11043948799999999
450,58,Female,16,Non-carrier,NA,time_8,0.109777692
451,67.9,Female,16,Non-carrier,NA,baseline,0.103817071
451,67.9,Female,16,Non-carrier,NA,time_2,0.106886333
451,67.9,Female,16,Non-carrier,NA,time_4,0.11056420600000001
451,67.9,Female,16,Non-carrier,NA,time_6,0.11194835199999999
451,67.9,Female,16,Non-carrier,NA,time_8,0.10568632600000001
452,63.2,Male,16,Carrier,70.1,baseline,0.108803351
452,63.2,Male,16,Carrier,70.1,time_2,NA
452,63.2,Male,16,Carrier,70.1,time_4,0.107040939
452,63.2,Male,16,Carrier,70.1,time_6,0.108567858
452,63.2,Male,16,Carrier,70.1,time_8,0.10512060200000002
453,62.7,Male,18,Non-carrier,68.6,baseline,0.11385703299999998
453,62.7,Male,18,Non-carrier,68.6,time_2,0.11232177200000001
453,62.7,Male,18,Non-carrier,68.6,time_4,0.108314519
453,62.7,Male,18,Non-carrier,68.6,time_6,0.109028408
453,62.7,Male,18,Non-carrier,68.6,time_8,0.10602971300000001
454,60.3,Female,16,Carrier,NA,baseline,0.10718478200000002
454,60.3,Female,16,Carrier,NA,time_2,0.11245859299999998
454,60.3,Female,16,Carrier,NA,time_4,0.10662691400000002
454,60.3,Female,16,Carrier,NA,time_6,0.10624347900000002
454,60.3,Female,16,Carrier,NA,time_8,0.10495737299999999
455,60.6,Female,18,Non-carrier,NA,baseline,0.114536385
455,60.6,Female,18,Non-carrier,NA,time_2,0.113694314
455,60.6,Female,18,Non-carrier,NA,time_4,0.11442115700000001
455,60.6,Female,18,Non-carrier,NA,time_6,0.11306270300000001
455,60.6,Female,18,Non-carrier,NA,time_8,0.10913502300000001
456,65.2,Male,16,Non-carrier,NA,baseline,0.11370245500000001
456,65.2,Male,16,Non-carrier,NA,time_2,NA
456,65.2,Male,16,Non-carrier,NA,time_4,0.11461677200000002
456,65.2,Male,16,Non-carrier,NA,time_6,NA
456,65.2,Male,16,Non-carrier,NA,time_8,NA
457,66.5,Female,12,Carrier,NA,baseline,0.10641769499999999
457,66.5,Female,12,Carrier,NA,time_2,0.10720129300000002
457,66.5,Female,12,Carrier,NA,time_4,0.108348057
457,66.5,Female,12,Carrier,NA,time_6,0.10886418700000002
457,66.5,Female,12,Carrier,NA,time_8,0.106687822
458,58.7,Male,16,Carrier,NA,baseline,0.11242496
458,58.7,Male,16,Carrier,NA,time_2,0.11183224500000001
458,58.7,Male,16,Carrier,NA,time_4,0.110254455
458,58.7,Male,16,Carrier,NA,time_6,0.108375329
458,58.7,Male,16,Carrier,NA,time_8,0.10876232500000002
459,62,Male,16,Non-carrier,NA,baseline,0.11079733
459,62,Male,16,Non-carrier,NA,time_2,0.111978578
459,62,Male,16,Non-carrier,NA,time_4,0.113613587
459,62,Male,16,Non-carrier,NA,time_6,0.11285405999999999
459,62,Male,16,Non-carrier,NA,time_8,0.109816686
460,66.6,Female,16,Non-carrier,NA,baseline,0.111177153
460,66.6,Female,16,Non-carrier,NA,time_2,0.109035694
460,66.6,Female,16,Non-carrier,NA,time_4,0.10707184000000002
460,66.6,Female,16,Non-carrier,NA,time_6,NA
460,66.6,Female,16,Non-carrier,NA,time_8,0.10372241100000001
461,63.6,Male,18,Non-carrier,NA,baseline,0.11131825999999999
461,63.6,Male,18,Non-carrier,NA,time_2,0.11172285200000001
461,63.6,Male,18,Non-carrier,NA,time_4,0.11024255300000001
461,63.6,Male,18,Non-carrier,NA,time_6,0.111167073
461,63.6,Male,18,Non-carrier,NA,time_8,0.10852100100000002
462,71.5,Male,16,Non-carrier,NA,baseline,0.11326490400000001
462,71.5,Male,16,Non-carrier,NA,time_2,0.10971417300000001
462,71.5,Male,16,Non-carrier,NA,time_4,0.107209301
462,71.5,Male,16,Non-carrier,NA,time_6,NA
462,71.5,Male,16,Non-carrier,NA,time_8,0.10502554900000002
463,68.7,Female,16,Carrier,NA,baseline,0.10465312600000001
463,68.7,Female,16,Carrier,NA,time_2,0.108005891
463,68.7,Female,16,Carrier,NA,time_4,NA
463,68.7,Female,16,Carrier,NA,time_6,0.100516477
463,68.7,Female,16,Carrier,NA,time_8,0.105967832
464,66.8,Male,20,Non-carrier,NA,baseline,0.113219556
464,66.8,Male,20,Non-carrier,NA,time_2,0.11389759699999999
464,66.8,Male,20,Non-carrier,NA,time_4,0.10972659800000001
464,66.8,Male,20,Non-carrier,NA,time_6,0.111430567
464,66.8,Male,20,Non-carrier,NA,time_8,0.109383737
465,65,Male,16,Non-carrier,NA,baseline,0.10750122800000002
465,65,Male,16,Non-carrier,NA,time_2,0.11418836199999999
465,65,Male,16,Non-carrier,NA,time_4,0.10915935299999999
465,65,Male,16,Non-carrier,NA,time_6,0.115900536
465,65,Male,16,Non-carrier,NA,time_8,0.11261999499999999
466,65.8,Male,18,Non-carrier,NA,baseline,0.115142096
466,65.8,Male,18,Non-carrier,NA,time_2,0.11606205300000001
466,65.8,Male,18,Non-carrier,NA,time_4,0.111334526
466,65.8,Male,18,Non-carrier,NA,time_6,0.109230611
466,65.8,Male,18,Non-carrier,NA,time_8,0.10597314700000002
467,62.9,Male,18,Non-carrier,NA,baseline,0.11451454900000001
467,62.9,Male,18,Non-carrier,NA,time_2,0.11092243
467,62.9,Male,18,Non-carrier,NA,time_4,0.114942874
467,62.9,Male,18,Non-carrier,NA,time_6,NA
467,62.9,Male,18,Non-carrier,NA,time_8,0.10994701699999998
468,66.9,Female,16,Carrier,NA,baseline,0.10964283699999999
468,66.9,Female,16,Carrier,NA,time_2,NA
468,66.9,Female,16,Carrier,NA,time_4,0.11191480399999999
468,66.9,Female,16,Carrier,NA,time_6,0.10489382200000001
468,66.9,Female,16,Carrier,NA,time_8,0.105111863
469,69.4,Female,18,Non-carrier,NA,baseline,0.10839382300000001
469,69.4,Female,18,Non-carrier,NA,time_2,NA
469,69.4,Female,18,Non-carrier,NA,time_4,0.11060427800000001
469,69.4,Female,18,Non-carrier,NA,time_6,0.10472232700000002
469,69.4,Female,18,Non-carrier,NA,time_8,0.10726058300000002
470,68.3,Male,12,Non-carrier,NA,baseline,0.11272692600000002
470,68.3,Male,12,Non-carrier,NA,time_2,0.10847477500000002
470,68.3,Male,12,Non-carrier,NA,time_4,0.11252417300000002
470,68.3,Male,12,Non-carrier,NA,time_6,0.108815306
470,68.3,Male,12,Non-carrier,NA,time_8,0.11100606
471,62.6,Male,16,Carrier,68.9,baseline,0.111027383
471,62.6,Male,16,Carrier,68.9,time_2,0.10642471500000002
471,62.6,Male,16,Carrier,68.9,time_4,0.111068422
471,62.6,Male,16,Carrier,68.9,time_6,0.10720823800000001
471,62.6,Male,16,Carrier,68.9,time_8,0.110534005
472,60.1,Female,12,Non-carrier,NA,baseline,0.111204398
472,60.1,Female,12,Non-carrier,NA,time_2,0.11558444500000001
472,60.1,Female,12,Non-carrier,NA,time_4,0.10925881199999998
472,60.1,Female,12,Non-carrier,NA,time_6,0.112268992
472,60.1,Female,12,Non-carrier,NA,time_8,0.113516834
473,64.7,Female,16,Non-carrier,NA,baseline,0.11055728999999999
473,64.7,Female,16,Non-carrier,NA,time_2,0.110901035
473,64.7,Female,16,Non-carrier,NA,time_4,0.10788113
473,64.7,Female,16,Non-carrier,NA,time_6,0.111750296
473,64.7,Female,16,Non-carrier,NA,time_8,0.110563091
474,66.3,Male,16,Non-carrier,NA,baseline,0.110554761
474,66.3,Male,16,Non-carrier,NA,time_2,0.111891005
474,66.3,Male,16,Non-carrier,NA,time_4,0.11490425100000001
474,66.3,Male,16,Non-carrier,NA,time_6,0.10991773399999999
474,66.3,Male,16,Non-carrier,NA,time_8,0.10726588300000002
475,69.1,Male,16,Non-carrier,NA,baseline,0.113232698
475,69.1,Male,16,Non-carrier,NA,time_2,0.11086570700000001
475,69.1,Male,16,Non-carrier,NA,time_4,0.10756650100000002
475,69.1,Male,16,Non-carrier,NA,time_6,0.10915194
475,69.1,Male,16,Non-carrier,NA,time_8,0.10521997400000001
476,61,Male,16,Non-carrier,NA,baseline,0.11231285099999999
476,61,Male,16,Non-carrier,NA,time_2,0.11147139399999999
476,61,Male,16,Non-carrier,NA,time_4,0.11240064500000001
476,61,Male,16,Non-carrier,NA,time_6,0.105352234
476,61,Male,16,Non-carrier,NA,time_8,0.112690811
477,66.1,Female,18,Non-carrier,NA,baseline,0.11262452700000002
477,66.1,Female,18,Non-carrier,NA,time_2,0.10785372800000001
477,66.1,Female,18,Non-carrier,NA,time_4,0.109543928
477,66.1,Female,18,Non-carrier,NA,time_6,0.108449884
477,66.1,Female,18,Non-carrier,NA,time_8,0.10568680000000001
478,65.7,Male,16,Non-carrier,NA,baseline,0.11201055
478,65.7,Male,16,Non-carrier,NA,time_2,0.11535786899999997
478,65.7,Male,16,Non-carrier,NA,time_4,0.10810415900000002
478,65.7,Male,16,Non-carrier,NA,time_6,0.11189615600000001
478,65.7,Male,16,Non-carrier,NA,time_8,0.11065940099999999
479,68.6,Female,18,Non-carrier,NA,baseline,0.10584980199999999
479,68.6,Female,18,Non-carrier,NA,time_2,0.10646098400000001
479,68.6,Female,18,Non-carrier,NA,time_4,0.110864882
479,68.6,Female,18,Non-carrier,NA,time_6,0.10658743799999999
479,68.6,Female,18,Non-carrier,NA,time_8,0.104918776
480,64.9,Female,20,Non-carrier,NA,baseline,0.11504740299999999
480,64.9,Female,20,Non-carrier,NA,time_2,0.109866698
480,64.9,Female,20,Non-carrier,NA,time_4,0.11064464500000001
480,64.9,Female,20,Non-carrier,NA,time_6,0.10896261500000001
480,64.9,Female,20,Non-carrier,NA,time_8,0.111075379
481,63.9,Male,16,Non-carrier,NA,baseline,0.113442174
481,63.9,Male,16,Non-carrier,NA,time_2,0.11241633499999999
481,63.9,Male,16,Non-carrier,NA,time_4,0.11337191699999999
481,63.9,Male,16,Non-carrier,NA,time_6,0.11276215400000002
481,63.9,Male,16,Non-carrier,NA,time_8,0.110903612
482,61.6,Male,18,Non-carrier,NA,baseline,0.11613514200000002
482,61.6,Male,18,Non-carrier,NA,time_2,0.114311943
482,61.6,Male,18,Non-carrier,NA,time_4,0.113397136
482,61.6,Male,18,Non-carrier,NA,time_6,0.11058604200000001
482,61.6,Male,18,Non-carrier,NA,time_8,0.112990595
483,63.4,Male,16,Carrier,NA,baseline,0.10878228600000002
483,63.4,Male,16,Carrier,NA,time_2,0.10723613000000003
483,63.4,Male,16,Carrier,NA,time_4,0.108469817
483,63.4,Male,16,Carrier,NA,time_6,0.10777594900000002
483,63.4,Male,16,Carrier,NA,time_8,0.105178037
